ticket_id,change_type,requested_at,approved_at,approver_role,testing_evidence,status,risk_level
CHG-10000,standard,2025-10-03 10:16:45,2025-10-04 23:59:45,manager,yes,approved,low
CHG-10001,standard,2025-11-10 23:08:56,2025-11-11 03:38:56,sre,yes,approved,low
CHG-10002,standard,2025-12-08 02:12:20,2025-12-10 11:38:20,manager,yes,approved,low
CHG-10003,standard,2025-10-27 23:29:13,2025-10-28 20:52:13,manager,yes,approved,med
CHG-10004,standard,2025-11-28 14:47:01,2025-11-30 03:03:01,sre,yes,approved,med
CHG-10005,standard,2025-10-29 11:09:17,2025-10-31 12:41:17,manager,yes,approved,med
CHG-10006,emergency,2025-12-23 01:02:05,2025-12-24 08:59:05,cab,yes,approved,low
CHG-10007,standard,2025-10-21 08:11:12,2025-10-22 20:48:12,manager,yes,approved,med
CHG-10008,standard,2025-10-16 20:45:19,2025-10-19 12:01:19,sre,yes,approved,high
CHG-10009,standard,2025-12-14 14:18:01,2025-12-14 22:06:01,cab,yes,approved,low
CHG-10010,emergency,2025-11-25 01:37:31,2025-11-26 20:44:31,sre,yes,approved,low
CHG-10011,standard,2025-11-24 12:04:57,2025-11-26 00:06:57,sre,yes,approved,low
CHG-10012,emergency,2025-11-19 11:16:56,2025-11-22 06:48:56,manager,yes,approved,low
CHG-10013,standard,2025-11-27 21:44:01,2025-11-28 06:34:01,cab,yes,approved,low
CHG-10014,standard,2025-10-02 02:45:09,2025-10-02 18:33:09,cab,yes,approved,low
CHG-10015,standard,2025-10-16 08:32:03,2025-10-18 22:38:03,sre,yes,approved,med
CHG-10016,standard,2025-12-28 14:34:37,2025-12-29 05:15:37,sre,yes,approved,low
CHG-10017,standard,2025-10-16 16:26:11,2025-10-16 16:40:11,manager,yes,approved,low
CHG-10018,standard,2025-10-30 20:33:35,2025-11-01 05:24:35,manager,yes,approved,med
CHG-10019,standard,2025-12-13 20:19:53,2025-12-14 13:39:53,sre,yes,approved,low
CHG-10020,standard,2025-10-21 13:31:32,2025-10-22 17:08:32,sre,yes,approved,low
CHG-10021,standard,2025-10-12 17:57:36,2025-10-14 03:57:36,sre,yes,approved,low
CHG-10022,standard,2025-12-08 17:23:20,2025-12-09 01:35:20,cab,yes,approved,high
CHG-10023,standard,2025-10-21 19:12:28,2025-10-22 13:25:28,sre,yes,approved,med
CHG-10024,standard,2025-10-19 11:41:14,2025-10-20 00:43:14,cab,yes,approved,low
CHG-10025,standard,2025-12-03 10:39:41,2025-12-04 00:15:41,manager,yes,approved,med
CHG-10026,standard,2025-11-10 23:03:19,2025-11-12 00:16:19,manager,yes,approved,low
CHG-10027,standard,2025-10-05 21:52:45,2025-10-06 00:02:45,manager,no,approved,high
CHG-10028,standard,2025-11-08 22:29:29,2025-11-09 06:39:29,cab,yes,approved,low
CHG-10029,standard,2025-11-11 01:40:43,2025-11-13 20:16:43,manager,yes,approved,low
CHG-10030,standard,2025-10-06 13:12:17,2025-10-06 20:12:17,sre,yes,approved,low
CHG-10031,standard,2025-10-19 01:00:12,2025-10-19 10:31:12,manager,yes,approved,med
CHG-10032,standard,2025-11-26 04:58:45,2025-11-26 10:33:45,sre,yes,approved,low
CHG-10033,standard,2025-12-05 00:34:28,2025-12-06 19:37:28,sre,yes,approved,low
CHG-10034,emergency,2025-12-30 20:25:08,2025-12-31 06:29:08,sre,yes,approved,med
CHG-10035,standard,2025-10-26 17:57:42,2025-10-27 12:12:42,manager,no,approved,med
CHG-10036,standard,2025-12-08 07:22:00,2025-12-10 00:50:00,sre,yes,approved,high
CHG-10037,standard,2025-12-30 11:08:56,2025-12-31 01:26:56,manager,no,approved,low
CHG-10038,standard,2025-10-28 08:32:22,2025-10-29 13:27:22,sre,yes,approved,low
CHG-10039,standard,2025-12-28 04:09:50,2025-12-28 11:15:50,cab,yes,approved,low
CHG-10040,standard,2025-10-26 10:24:00,2025-10-27 08:37:00,cab,yes,approved,low
CHG-10041,emergency,2025-12-07 02:11:32,2025-12-07 22:42:32,sre,yes,approved,med
CHG-10042,standard,2025-11-05 09:41:58,2025-11-05 15:17:58,manager,yes,approved,low
CHG-10043,standard,2025-12-24 22:13:42,2025-12-27 05:52:42,manager,no,approved,med
CHG-10044,standard,2025-12-25 13:50:55,2025-12-27 22:17:55,cab,yes,approved,med
CHG-10045,standard,2025-12-11 08:48:29,2025-12-12 18:50:29,manager,yes,approved,med
CHG-10046,standard,2025-10-20 09:02:18,2025-10-23 00:02:18,manager,yes,approved,med
CHG-10047,standard,2025-10-28 01:11:31,2025-10-28 10:49:31,sre,no,approved,low
CHG-10048,standard,2025-11-02 03:38:06,2025-11-02 07:34:06,manager,yes,approved,high
CHG-10049,standard,2025-11-27 22:06:42,2025-11-30 09:35:42,cab,yes,approved,med
CHG-10050,standard,2025-11-25 23:32:51,2025-11-27 01:39:51,manager,yes,approved,med
CHG-10051,standard,2025-12-12 00:52:08,2025-12-13 03:56:08,sre,yes,approved,low
CHG-10052,standard,2025-10-13 02:23:52,2025-10-14 19:33:52,cab,yes,approved,med
CHG-10053,standard,2025-11-10 19:42:39,2025-11-12 23:37:39,sre,yes,approved,high
CHG-10054,standard,2025-10-30 12:04:47,2025-11-01 03:24:47,sre,yes,approved,med
CHG-10055,standard,2025-10-21 17:57:37,2025-10-24 15:54:37,sre,yes,approved,high
CHG-10056,standard,2025-12-01 10:51:32,2025-12-03 08:46:32,manager,yes,approved,high
CHG-10057,standard,2025-10-03 08:54:55,2025-10-03 15:22:55,manager,yes,approved,low
CHG-10058,standard,2025-12-09 17:52:02,2025-12-11 22:27:02,sre,yes,approved,low
CHG-10059,standard,2025-12-25 23:17:00,2025-12-26 14:00:00,sre,yes,approved,low
CHG-10060,standard,2025-12-22 08:46:01,2025-12-23 01:30:01,sre,yes,approved,med
CHG-10061,standard,2025-12-13 07:51:36,2025-12-15 20:26:36,sre,yes,approved,med
CHG-10062,standard,2025-10-16 10:51:53,2025-10-19 03:49:53,sre,yes,approved,med
CHG-10063,standard,2025-10-24 05:28:59,2025-10-25 19:07:59,manager,yes,approved,med
CHG-10064,standard,2025-10-14 10:26:05,2025-10-15 07:11:05,sre,yes,approved,med
CHG-10065,standard,2025-11-15 05:40:56,2025-11-17 14:36:56,cab,yes,approved,med
CHG-10066,standard,2025-12-23 04:19:49,2025-12-25 08:25:49,cab,yes,approved,high
CHG-10067,emergency,2025-11-10 16:23:25,2025-11-11 22:39:25,cab,yes,rejected,low
CHG-10068,standard,2025-11-09 06:07:34,2025-11-10 04:49:34,sre,yes,approved,high
CHG-10069,standard,2025-12-04 08:54:05,2025-12-04 12:46:05,cab,yes,approved,low
CHG-10070,standard,2025-11-14 03:31:34,2025-11-16 00:18:34,cab,yes,approved,med
CHG-10071,standard,2025-10-08 22:51:19,2025-10-11 15:13:19,cab,yes,approved,low
CHG-10072,emergency,2025-10-04 21:48:29,2025-10-05 02:12:29,manager,no,approved,low
CHG-10073,standard,2025-10-12 02:32:48,2025-10-13 08:27:48,cab,yes,approved,low
CHG-10074,standard,2025-10-12 02:52:51,2025-10-13 01:23:51,manager,no,approved,low
CHG-10075,emergency,2025-11-06 10:31:42,2025-11-08 16:50:42,sre,no,approved,low
CHG-10076,standard,2025-12-15 00:00:39,2025-12-16 17:20:39,manager,yes,approved,med
CHG-10077,standard,2025-11-21 17:23:11,2025-11-24 04:02:11,sre,yes,approved,low
CHG-10078,standard,2025-10-11 05:55:24,2025-10-13 17:16:24,cab,no,approved,med
CHG-10079,standard,2025-12-03 03:40:32,2025-12-04 16:42:32,cab,yes,approved,high
CHG-10080,standard,2025-11-01 07:01:26,2025-11-02 16:42:26,cab,yes,approved,low
CHG-10081,standard,2025-11-06 19:06:32,2025-11-08 17:11:32,manager,yes,approved,med
CHG-10082,standard,2025-10-28 03:39:05,2025-10-29 17:32:05,manager,yes,approved,low
CHG-10083,standard,2025-12-13 14:39:06,,cab,yes,approved,med
CHG-10084,standard,2025-11-09 06:19:22,2025-11-10 15:42:22,cab,yes,approved,low
CHG-10085,emergency,2025-11-23 10:29:53,2025-11-25 07:48:53,cab,yes,approved,low
CHG-10086,standard,2025-10-12 14:34:57,2025-10-13 16:00:57,cab,yes,approved,med
CHG-10087,standard,2025-10-28 11:26:05,,cab,yes,approved,low
CHG-10088,standard,2025-10-27 15:11:30,2025-10-27 21:33:30,sre,no,approved,low
CHG-10089,standard,2025-10-10 23:02:47,2025-10-11 00:52:47,cab,yes,approved,low
CHG-10090,standard,2025-12-23 15:57:36,2025-12-26 09:20:36,cab,yes,approved,low
CHG-10091,standard,2025-10-15 11:39:20,2025-10-17 05:18:20,sre,yes,approved,low
CHG-10092,standard,2025-10-22 21:53:20,2025-10-25 21:23:20,cab,yes,approved,high
CHG-10093,standard,2025-11-30 07:05:54,2025-11-30 15:28:54,manager,yes,approved,med
CHG-10094,standard,2025-10-24 06:55:34,2025-10-25 06:48:34,cab,yes,approved,low
CHG-10095,standard,2025-10-23 11:22:43,2025-10-25 02:52:43,cab,yes,approved,med
CHG-10096,standard,2025-12-16 19:44:27,2025-12-17 22:54:27,sre,yes,approved,low
CHG-10097,standard,2025-10-06 18:58:00,2025-10-07 17:47:00,sre,yes,approved,low
CHG-10098,standard,2025-10-30 12:35:01,2025-11-01 19:42:01,cab,no,approved,low
CHG-10099,standard,2025-12-11 07:35:17,2025-12-13 03:45:17,manager,yes,approved,low
CHG-10100,standard,2025-10-03 00:20:25,2025-10-04 13:17:25,manager,yes,approved,med
CHG-10101,emergency,2025-10-18 14:54:01,2025-10-21 02:34:01,manager,yes,approved,low
CHG-10102,standard,2025-10-11 03:44:07,2025-10-12 01:51:07,cab,yes,approved,med
CHG-10103,standard,2025-10-04 13:30:37,2025-10-07 03:45:37,manager,yes,approved,low
CHG-10104,standard,2025-10-01 02:40:55,2025-10-03 17:54:55,cab,yes,approved,low
CHG-10105,standard,2025-10-06 00:15:50,2025-10-07 04:12:50,cab,yes,approved,low
CHG-10106,standard,2025-12-01 04:03:29,2025-12-02 12:53:29,manager,yes,approved,low
CHG-10107,emergency,2025-12-28 15:16:50,2025-12-29 06:55:50,manager,yes,approved,low
CHG-10108,standard,2025-10-27 13:07:34,2025-10-29 22:00:34,manager,yes,approved,high
CHG-10109,standard,2025-11-28 04:39:03,2025-12-01 02:12:03,manager,yes,approved,low
CHG-10110,standard,2025-12-30 16:57:23,2026-01-02 14:26:23,sre,yes,approved,low
CHG-10111,emergency,2025-11-17 12:56:40,2025-11-18 09:23:40,cab,yes,approved,low
CHG-10112,standard,2025-11-01 05:47:44,2025-11-02 07:42:44,cab,no,approved,low
CHG-10113,standard,2025-12-12 07:17:19,2025-12-15 00:01:19,cab,yes,approved,med
CHG-10114,standard,2025-10-15 18:25:51,2025-10-18 14:12:51,sre,no,approved,low
CHG-10115,standard,2025-10-10 16:20:42,2025-10-13 16:18:42,manager,yes,approved,low
CHG-10116,standard,2025-11-15 13:59:32,2025-11-17 02:20:32,sre,yes,approved,med
CHG-10117,standard,2025-11-21 19:25:48,2025-11-23 23:28:48,cab,no,approved,med
CHG-10118,standard,2025-12-01 06:42:42,2025-12-02 22:06:42,cab,no,approved,med
CHG-10119,standard,2025-10-10 18:11:55,2025-10-13 06:55:55,manager,yes,approved,low
CHG-10120,standard,2025-11-06 09:26:34,2025-11-08 20:24:34,sre,yes,approved,low
CHG-10121,standard,2025-11-29 04:13:07,2025-12-01 08:36:07,sre,yes,approved,low
CHG-10122,standard,2025-10-25 18:57:15,2025-10-25 20:23:15,cab,yes,approved,low
CHG-10123,standard,2025-11-03 13:13:34,2025-11-05 06:13:34,cab,yes,approved,low
CHG-10124,emergency,2025-12-22 20:24:56,2025-12-25 14:32:56,cab,yes,approved,low
CHG-10125,standard,2025-12-20 14:07:39,2025-12-22 20:19:39,sre,yes,approved,low
CHG-10126,emergency,2025-12-12 08:22:37,2025-12-15 04:21:37,manager,yes,approved,high
CHG-10127,standard,2025-11-30 06:46:52,2025-12-01 17:09:52,sre,yes,approved,med
CHG-10128,standard,2025-11-30 22:05:00,2025-12-01 03:37:00,sre,yes,approved,low
CHG-10129,emergency,2025-11-01 17:18:38,2025-11-04 02:11:38,sre,yes,approved,low
CHG-10130,standard,2025-10-27 11:02:05,2025-10-28 09:39:05,cab,yes,approved,med
CHG-10131,standard,2025-12-18 01:59:51,2025-12-18 17:52:51,manager,yes,approved,low
CHG-10132,emergency,2025-12-22 02:43:38,2025-12-24 04:49:38,cab,yes,approved,low
CHG-10133,standard,2025-12-05 06:40:03,2025-12-06 18:37:03,cab,yes,approved,med
CHG-10134,standard,2025-12-25 20:24:59,2025-12-27 17:21:59,manager,yes,approved,low
CHG-10135,standard,2025-12-03 00:50:15,2025-12-05 08:44:15,manager,yes,approved,low
CHG-10136,standard,2025-12-26 03:27:50,2025-12-26 22:08:50,sre,yes,approved,low
CHG-10137,standard,2025-12-10 13:05:55,2025-12-11 10:20:55,cab,yes,approved,med
CHG-10138,standard,2025-12-07 00:28:13,2025-12-09 03:13:13,manager,yes,approved,low
CHG-10139,standard,2025-11-22 20:41:50,2025-11-24 21:49:50,manager,yes,approved,low
CHG-10140,standard,2025-10-21 14:14:32,2025-10-21 17:18:32,manager,yes,approved,low
CHG-10141,standard,2025-11-23 19:23:51,2025-11-24 23:50:51,manager,yes,approved,med
CHG-10142,emergency,2025-10-01 06:36:26,2025-10-02 20:37:26,manager,yes,approved,low
CHG-10143,standard,2025-12-24 02:58:11,,manager,yes,approved,low
CHG-10144,standard,2025-10-13 07:22:07,2025-10-15 17:00:07,cab,yes,approved,med
CHG-10145,standard,2025-11-13 21:14:56,2025-11-16 18:11:56,sre,yes,approved,med
CHG-10146,standard,2025-11-14 11:18:59,2025-11-14 15:43:59,cab,yes,approved,low
CHG-10147,standard,2025-11-13 01:34:30,2025-11-13 11:46:30,manager,yes,approved,low
CHG-10148,standard,2025-11-23 05:45:47,2025-11-25 02:18:47,cab,yes,approved,low
CHG-10149,standard,2025-12-08 03:15:52,2025-12-08 19:02:52,sre,yes,approved,med
CHG-10150,standard,2025-10-23 04:25:43,2025-10-25 13:04:43,cab,yes,approved,low
CHG-10151,standard,2025-10-25 17:56:10,2025-10-27 21:12:10,cab,no,approved,med
CHG-10152,standard,2025-10-10 09:00:41,2025-10-12 12:02:41,sre,yes,approved,low
CHG-10153,standard,2025-11-09 21:15:12,2025-11-11 21:41:12,cab,yes,approved,high
CHG-10154,emergency,2025-11-28 07:03:24,2025-11-30 01:52:24,manager,yes,approved,low
CHG-10155,standard,2025-11-03 23:49:29,2025-11-06 02:10:29,manager,yes,approved,low
CHG-10156,emergency,2025-12-19 11:04:22,2025-12-19 14:49:22,sre,yes,approved,med
CHG-10157,standard,2025-10-30 23:59:11,2025-11-01 22:32:11,manager,yes,approved,low
CHG-10158,standard,2025-12-01 11:23:51,2025-12-01 15:44:51,cab,yes,approved,low
CHG-10159,standard,2025-12-10 01:26:25,2025-12-11 21:53:25,manager,yes,approved,low
CHG-10160,standard,2025-10-05 19:57:18,2025-10-06 07:15:18,cab,yes,approved,med
CHG-10161,standard,2025-11-19 17:51:12,2025-11-20 09:33:12,sre,yes,approved,low
CHG-10162,standard,2025-10-05 09:49:48,2025-10-06 16:05:48,manager,yes,approved,low
CHG-10163,standard,2025-12-14 04:37:26,2025-12-15 15:40:26,cab,yes,approved,low
CHG-10164,standard,2025-12-08 07:40:22,2025-12-09 15:15:22,cab,yes,approved,med
CHG-10165,standard,2025-10-02 19:40:15,2025-10-05 10:36:15,sre,no,approved,med
CHG-10166,standard,2025-10-29 02:37:09,2025-10-29 18:30:09,manager,yes,approved,high
CHG-10167,standard,2025-12-29 07:13:07,2025-12-31 08:47:07,manager,yes,approved,med
CHG-10168,standard,2025-12-24 12:28:08,2025-12-26 06:59:08,manager,yes,approved,low
CHG-10169,standard,2025-10-19 19:49:42,2025-10-21 19:41:42,sre,yes,approved,high
CHG-10170,standard,2025-10-20 03:40:35,2025-10-21 03:31:35,sre,yes,approved,med
CHG-10171,standard,2025-11-15 01:05:20,2025-11-17 14:32:20,sre,yes,approved,med
CHG-10172,standard,2025-11-30 21:31:20,2025-12-02 16:50:20,cab,yes,approved,low
CHG-10173,standard,2025-11-04 04:05:05,2025-11-07 01:31:05,manager,yes,approved,low
CHG-10174,standard,2025-12-23 21:50:54,2025-12-24 10:19:54,cab,yes,approved,low
CHG-10175,standard,2025-10-04 23:35:23,2025-10-07 13:09:23,manager,yes,approved,low
CHG-10176,standard,2025-10-07 00:10:34,2025-10-09 13:50:34,cab,yes,approved,med
CHG-10177,standard,2025-10-04 19:12:27,2025-10-06 05:11:27,sre,yes,approved,high
CHG-10178,standard,2025-10-28 11:11:23,2025-10-30 16:14:23,sre,yes,approved,low
CHG-10179,standard,2025-11-02 00:14:06,2025-11-02 13:18:06,cab,yes,approved,low
CHG-10180,emergency,2025-12-24 18:53:20,2025-12-25 15:34:20,manager,yes,approved,low
CHG-10181,standard,2025-12-04 06:53:12,2025-12-06 12:33:12,manager,yes,approved,med
CHG-10182,standard,2025-12-18 22:51:28,2025-12-19 16:27:28,sre,yes,approved,med
CHG-10183,standard,2025-12-05 02:16:32,2025-12-07 12:14:32,cab,yes,approved,low
CHG-10184,emergency,2025-11-17 05:05:36,2025-11-18 07:27:36,manager,yes,approved,low
CHG-10185,standard,2025-11-22 09:45:25,2025-11-22 15:04:25,sre,yes,approved,med
CHG-10186,standard,2025-12-20 17:10:27,2025-12-21 15:56:27,cab,yes,approved,low
CHG-10187,standard,2025-10-28 15:55:48,2025-10-31 05:22:48,cab,yes,approved,low
CHG-10188,standard,2025-11-25 09:10:24,2025-11-27 21:29:24,cab,yes,approved,low
CHG-10189,standard,2025-10-20 09:19:45,2025-10-21 04:22:45,cab,yes,approved,low
CHG-10190,standard,2025-12-22 03:04:18,2025-12-25 01:40:18,manager,yes,approved,low
CHG-10191,standard,2025-11-12 11:23:05,2025-11-13 00:04:05,cab,no,approved,low
CHG-10192,standard,2025-11-08 11:48:16,,manager,yes,approved,low
CHG-10193,emergency,2025-12-21 11:25:20,2025-12-23 09:21:20,cab,yes,approved,low
CHG-10194,standard,2025-12-13 16:13:40,2025-12-16 08:25:40,manager,yes,rejected,low
CHG-10195,standard,2025-12-10 14:34:47,2025-12-13 00:31:47,cab,yes,approved,low
CHG-10196,standard,2025-11-30 11:15:13,,cab,yes,approved,med
CHG-10197,standard,2025-10-24 11:45:24,2025-10-25 07:31:24,cab,yes,approved,low
CHG-10198,standard,2025-10-09 07:29:41,2025-10-12 07:07:41,sre,no,approved,low
CHG-10199,standard,2025-10-02 23:22:56,2025-10-05 04:50:56,cab,yes,approved,low
CHG-10200,standard,2025-12-16 13:23:05,2025-12-16 22:46:05,sre,yes,approved,med
CHG-10201,standard,2025-10-13 22:52:00,2025-10-14 05:05:00,sre,yes,approved,low
CHG-10202,standard,2025-12-07 12:22:27,2025-12-10 05:52:27,manager,yes,approved,med
CHG-10203,standard,2025-10-20 13:44:27,2025-10-20 19:52:27,cab,yes,approved,med
CHG-10204,emergency,2025-11-22 17:21:11,2025-11-25 10:09:11,manager,yes,approved,med
CHG-10205,standard,2025-12-03 15:57:53,2025-12-05 13:26:53,cab,yes,approved,med
CHG-10206,standard,2025-11-07 12:56:51,2025-11-09 11:23:51,cab,no,approved,low
CHG-10207,standard,2025-10-09 00:29:55,2025-10-11 10:36:55,manager,yes,approved,med
CHG-10208,standard,2025-12-04 04:03:12,2025-12-05 20:34:12,cab,yes,approved,med
CHG-10209,standard,2025-12-10 13:36:01,2025-12-12 13:54:01,sre,yes,approved,low
CHG-10210,standard,2025-12-01 21:30:42,2025-12-04 05:07:42,sre,yes,approved,med
CHG-10211,standard,2025-12-05 20:03:41,2025-12-08 08:02:41,sre,yes,approved,low
CHG-10212,standard,2025-11-28 17:58:23,2025-11-29 15:04:23,cab,yes,approved,high
CHG-10213,standard,2025-11-05 15:03:19,2025-11-07 21:33:19,manager,yes,rejected,low
CHG-10214,standard,2025-12-28 16:42:29,2025-12-29 08:56:29,cab,yes,approved,low
CHG-10215,standard,2025-11-17 16:34:45,2025-11-18 20:03:45,cab,yes,approved,med
CHG-10216,emergency,2025-12-18 16:37:57,2025-12-20 12:25:57,sre,yes,approved,med
CHG-10217,standard,2025-12-09 02:38:07,2025-12-10 02:34:07,manager,yes,approved,low
CHG-10218,standard,2025-11-17 23:09:16,2025-11-18 02:54:16,cab,yes,approved,low
CHG-10219,standard,2025-10-09 08:53:47,2025-10-09 18:01:47,sre,yes,approved,high
CHG-10220,standard,2025-11-25 19:36:55,2025-11-26 05:50:55,manager,yes,approved,low
CHG-10221,standard,2025-12-25 05:47:43,2025-12-26 06:47:43,sre,yes,approved,low
CHG-10222,standard,2025-10-15 20:33:06,2025-10-17 14:14:06,sre,yes,approved,low
CHG-10223,standard,2025-10-28 13:52:49,2025-10-29 00:48:49,sre,yes,approved,med
CHG-10224,standard,2025-10-10 01:42:14,2025-10-12 22:29:14,sre,yes,approved,low
CHG-10225,standard,2025-11-28 18:04:33,2025-11-30 16:19:33,manager,yes,approved,low
CHG-10226,standard,2025-10-26 16:41:34,2025-10-27 21:37:34,sre,yes,approved,low
CHG-10227,standard,2025-12-02 07:45:08,2025-12-04 01:09:08,sre,yes,approved,med
CHG-10228,standard,2025-10-16 08:21:14,2025-10-18 20:32:14,cab,yes,approved,low
CHG-10229,standard,2025-12-11 06:48:33,2025-12-13 06:07:33,cab,no,approved,low
CHG-10230,standard,2025-10-12 21:29:48,2025-10-14 10:10:48,manager,yes,approved,low
CHG-10231,standard,2025-10-25 02:30:42,2025-10-26 00:28:42,sre,yes,approved,high
CHG-10232,standard,2025-11-19 23:23:44,2025-11-22 15:17:44,manager,yes,approved,low
CHG-10233,standard,2025-10-24 08:56:18,2025-10-25 14:28:18,cab,yes,approved,low
CHG-10234,standard,2025-11-15 16:32:48,2025-11-17 07:42:48,cab,yes,approved,med
CHG-10235,standard,2025-11-09 03:39:00,2025-11-11 05:46:00,sre,yes,approved,low
CHG-10236,standard,2025-11-18 23:00:01,2025-11-21 12:39:01,sre,yes,approved,low
CHG-10237,emergency,2025-11-08 05:51:43,2025-11-10 08:58:43,cab,yes,approved,low
CHG-10238,standard,2025-11-18 13:15:57,2025-11-18 18:54:57,cab,yes,approved,low
CHG-10239,standard,2025-12-26 17:08:51,2025-12-29 15:41:51,cab,yes,approved,high
CHG-10240,standard,2025-10-30 01:15:59,2025-10-31 23:20:59,cab,yes,approved,low
CHG-10241,standard,2025-11-05 18:20:09,2025-11-07 15:43:09,sre,yes,approved,high
CHG-10242,standard,2025-12-01 02:16:59,2025-12-01 06:04:59,sre,yes,approved,low
CHG-10243,standard,2025-12-10 00:59:02,2025-12-10 08:09:02,sre,yes,approved,low
CHG-10244,standard,2025-12-19 18:36:34,2025-12-21 03:50:34,manager,yes,approved,high
CHG-10245,standard,2025-11-10 02:16:00,2025-11-11 06:16:00,cab,yes,approved,med
CHG-10246,standard,2025-10-14 09:45:19,2025-10-17 08:44:19,sre,yes,approved,low
CHG-10247,emergency,2025-11-14 15:05:37,2025-11-16 13:59:37,sre,yes,approved,med
CHG-10248,standard,2025-11-17 00:13:17,2025-11-18 02:38:17,cab,no,approved,low
CHG-10249,standard,2025-10-29 01:25:42,2025-10-30 05:53:42,cab,yes,approved,low
CHG-10250,standard,2025-10-27 13:12:08,2025-10-29 04:39:08,cab,yes,approved,med
CHG-10251,standard,2025-12-15 01:22:13,2025-12-15 21:31:13,sre,yes,approved,low
CHG-10252,standard,2025-12-12 13:25:29,2025-12-15 06:59:29,cab,yes,approved,med
CHG-10253,standard,2025-11-29 18:37:53,2025-12-01 03:27:53,sre,yes,approved,med
CHG-10254,standard,2025-11-02 01:38:23,2025-11-04 18:17:23,manager,yes,approved,med
CHG-10255,standard,2025-12-03 09:21:01,2025-12-06 02:27:01,cab,yes,approved,low
CHG-10256,emergency,2025-10-09 16:27:30,2025-10-11 00:19:30,manager,yes,approved,med
CHG-10257,standard,2025-10-18 01:37:02,2025-10-18 06:44:02,cab,no,approved,low
CHG-10258,standard,2025-10-29 02:30:24,2025-10-29 07:46:24,manager,yes,approved,low
CHG-10259,standard,2025-12-02 06:21:58,2025-12-05 06:06:58,sre,yes,approved,high
CHG-10260,standard,2025-10-16 18:38:20,2025-10-19 09:27:20,manager,yes,approved,med
CHG-10261,standard,2025-12-13 12:35:48,2025-12-14 15:07:48,cab,yes,approved,med
CHG-10262,standard,2025-12-04 23:28:45,,cab,yes,approved,low
CHG-10263,standard,2025-11-13 08:58:09,2025-11-14 21:35:09,sre,no,approved,low
CHG-10264,standard,2025-10-23 22:37:29,2025-10-24 07:15:29,manager,yes,approved,low
CHG-10265,standard,2025-12-08 07:24:24,2025-12-10 02:01:24,cab,yes,approved,med
CHG-10266,emergency,2025-11-16 10:14:40,2025-11-17 07:18:40,cab,yes,approved,high
CHG-10267,standard,2025-11-22 04:30:25,2025-11-23 10:29:25,sre,yes,approved,med
CHG-10268,standard,2025-12-08 07:53:38,2025-12-10 09:26:38,manager,yes,approved,low
CHG-10269,standard,2025-11-22 02:30:31,2025-11-22 23:07:31,cab,yes,approved,med
CHG-10270,standard,2025-10-09 19:54:33,2025-10-12 17:44:33,manager,yes,approved,low
CHG-10271,standard,2025-11-14 21:25:10,2025-11-16 15:39:10,manager,yes,approved,low
CHG-10272,standard,2025-11-03 10:48:37,2025-11-03 19:40:37,manager,yes,approved,low
CHG-10273,standard,2025-10-18 11:23:12,2025-10-19 06:02:12,sre,yes,approved,high
CHG-10274,standard,2025-11-13 13:10:02,2025-11-15 16:52:02,sre,yes,approved,med
CHG-10275,standard,2025-10-12 12:26:07,2025-10-13 12:58:07,manager,no,approved,low
CHG-10276,standard,2025-10-03 04:58:37,2025-10-04 21:52:37,cab,yes,approved,med
CHG-10277,standard,2025-11-03 14:36:38,2025-11-04 11:56:38,sre,yes,approved,high
CHG-10278,standard,2025-11-29 16:52:29,2025-11-29 19:10:29,sre,yes,approved,low
CHG-10279,standard,2025-10-05 17:25:26,2025-10-07 02:59:26,manager,yes,approved,low
CHG-10280,standard,2025-10-14 14:32:22,2025-10-17 11:29:22,sre,no,approved,low
CHG-10281,standard,2025-12-19 10:58:09,2025-12-21 06:54:09,sre,yes,approved,med
CHG-10282,standard,2025-11-24 01:14:50,2025-11-25 01:18:50,cab,yes,approved,low
CHG-10283,standard,2025-11-07 00:09:16,2025-11-09 23:55:16,manager,yes,approved,low
CHG-10284,standard,2025-10-24 09:29:47,2025-10-25 16:25:47,cab,yes,approved,med
CHG-10285,emergency,2025-11-24 02:34:20,2025-11-24 21:02:20,cab,yes,approved,low
CHG-10286,standard,2025-10-09 23:27:24,2025-10-11 01:37:24,sre,yes,approved,low
CHG-10287,standard,2025-12-13 22:52:52,2025-12-15 04:39:52,cab,yes,approved,med
CHG-10288,standard,2025-10-19 10:47:14,2025-10-20 02:58:14,manager,yes,approved,med
CHG-10289,standard,2025-10-24 05:40:53,2025-10-26 01:44:53,sre,yes,approved,low
CHG-10290,standard,2025-12-25 17:06:03,2025-12-28 13:09:03,sre,yes,approved,med
CHG-10291,emergency,2025-11-05 23:48:18,,manager,yes,approved,low
CHG-10292,standard,2025-11-26 16:53:34,2025-11-29 02:03:34,manager,yes,approved,low
CHG-10293,standard,2025-12-03 13:20:49,2025-12-05 11:35:49,sre,yes,approved,med
CHG-10294,standard,2025-12-17 04:25:37,2025-12-19 04:40:37,cab,yes,approved,med
CHG-10295,emergency,2025-10-06 16:51:20,,sre,yes,approved,med
CHG-10296,standard,2025-12-01 05:38:28,2025-12-02 13:23:28,manager,yes,approved,low
CHG-10297,standard,2025-12-04 17:39:04,,sre,yes,approved,low
CHG-10298,standard,2025-10-27 16:11:32,2025-10-29 07:29:32,sre,yes,approved,med
CHG-10299,standard,2025-12-29 03:12:31,2025-12-29 16:31:31,sre,yes,approved,low
CHG-10300,standard,2025-11-08 12:50:08,2025-11-08 23:47:08,sre,yes,approved,low
CHG-10301,standard,2025-12-20 09:31:28,2025-12-20 20:41:28,manager,yes,approved,med
CHG-10302,standard,2025-10-06 10:45:26,2025-10-06 12:12:26,cab,yes,approved,low
CHG-10303,emergency,2025-10-10 06:12:33,2025-10-10 12:10:33,sre,yes,approved,high
CHG-10304,standard,2025-10-08 05:14:36,2025-10-09 19:40:36,manager,yes,approved,low
CHG-10305,standard,2025-10-21 02:42:48,2025-10-21 22:33:48,cab,yes,approved,med
CHG-10306,standard,2025-11-25 00:29:49,2025-11-27 05:46:49,cab,yes,approved,low
CHG-10307,emergency,2025-12-10 07:25:24,2025-12-10 18:17:24,manager,yes,approved,high
CHG-10308,standard,2025-11-28 18:08:43,2025-12-01 00:27:43,sre,no,approved,low
CHG-10309,standard,2025-11-04 13:06:00,2025-11-06 16:31:00,sre,yes,approved,med
CHG-10310,standard,2025-10-24 22:16:10,2025-10-25 08:28:10,sre,yes,approved,low
CHG-10311,standard,2025-11-05 00:29:32,2025-11-05 15:11:32,cab,yes,approved,high
CHG-10312,standard,2025-10-19 04:39:16,2025-10-21 15:39:16,cab,yes,approved,low
CHG-10313,standard,2025-11-27 22:56:06,2025-11-29 19:23:06,cab,yes,approved,low
CHG-10314,emergency,2025-12-27 21:17:11,2025-12-29 06:35:11,cab,yes,approved,low
CHG-10315,standard,2025-10-15 04:03:10,2025-10-15 12:51:10,cab,yes,approved,low
CHG-10316,standard,2025-10-24 22:35:47,,manager,yes,approved,low
CHG-10317,standard,2025-12-21 17:06:04,2025-12-23 21:08:04,cab,yes,approved,low
CHG-10318,standard,2025-11-27 17:02:09,2025-11-28 11:47:09,sre,yes,approved,med
CHG-10319,emergency,2025-10-31 23:38:40,2025-11-02 15:35:40,sre,yes,approved,med
CHG-10320,standard,2025-12-16 07:12:06,2025-12-18 13:00:06,manager,yes,approved,high
CHG-10321,standard,2025-11-23 09:49:26,2025-11-23 13:39:26,sre,no,approved,low
CHG-10322,standard,2025-10-07 17:09:04,2025-10-10 01:10:04,cab,yes,approved,low
CHG-10323,standard,2025-12-16 14:40:55,2025-12-18 18:18:55,cab,yes,approved,high
CHG-10324,emergency,2025-12-24 10:23:36,2025-12-26 19:39:36,cab,yes,approved,med
CHG-10325,standard,2025-12-28 18:42:33,2025-12-29 06:28:33,sre,yes,approved,low
CHG-10326,standard,2025-12-02 15:01:53,2025-12-04 21:44:53,cab,no,approved,low
CHG-10327,standard,2025-12-12 12:17:37,2025-12-15 11:16:37,manager,yes,approved,med
CHG-10328,standard,2025-11-27 03:30:50,2025-11-29 23:59:50,cab,yes,approved,high
CHG-10329,emergency,2025-10-12 06:27:40,2025-10-13 01:57:40,manager,yes,approved,low
CHG-10330,standard,2025-12-10 02:22:04,2025-12-12 16:18:04,sre,yes,approved,low
CHG-10331,standard,2025-12-05 17:50:56,2025-12-06 16:26:56,sre,no,approved,med
CHG-10332,standard,2025-11-14 20:39:51,2025-11-16 04:28:51,manager,yes,approved,med
CHG-10333,standard,2025-11-29 14:58:22,2025-11-30 18:04:22,manager,yes,approved,low
CHG-10334,standard,2025-12-18 12:28:37,2025-12-18 21:10:37,sre,yes,approved,med
CHG-10335,standard,2025-10-26 11:19:39,2025-10-29 06:18:39,sre,yes,approved,med
CHG-10336,standard,2025-11-04 04:11:03,2025-11-06 18:51:03,sre,yes,approved,med
CHG-10337,standard,2025-12-05 06:07:48,2025-12-06 00:34:48,manager,yes,approved,low
CHG-10338,standard,2025-11-10 14:34:03,2025-11-11 09:33:03,cab,yes,approved,low
CHG-10339,standard,2025-10-17 19:39:58,2025-10-18 18:35:58,cab,yes,approved,low
CHG-10340,standard,2025-10-01 22:19:51,2025-10-04 16:38:51,sre,yes,approved,med
CHG-10341,standard,2025-11-10 08:29:20,2025-11-12 21:15:20,manager,yes,approved,low
CHG-10342,standard,2025-10-22 19:55:23,2025-10-24 11:29:23,sre,yes,approved,low
CHG-10343,standard,2025-11-25 14:31:13,2025-11-26 06:16:13,cab,yes,approved,low
CHG-10344,standard,2025-11-12 20:27:31,2025-11-14 02:27:31,sre,no,approved,low
CHG-10345,emergency,2025-11-13 15:57:08,2025-11-15 03:59:08,cab,yes,approved,med
CHG-10346,standard,2025-10-21 09:03:05,2025-10-23 09:05:05,cab,yes,approved,med
CHG-10347,standard,2025-10-21 02:12:41,2025-10-21 10:28:41,sre,yes,approved,low
CHG-10348,standard,2025-10-29 02:11:43,2025-10-30 14:51:43,sre,no,approved,low
CHG-10349,standard,2025-11-09 23:05:19,2025-11-10 07:20:19,manager,no,approved,med
CHG-10350,standard,2025-11-01 06:32:23,2025-11-02 16:29:23,cab,yes,approved,med
CHG-10351,standard,2025-11-06 10:12:53,2025-11-09 00:04:53,manager,yes,approved,med
CHG-10352,standard,2025-12-25 04:17:51,2025-12-27 06:50:51,sre,yes,rejected,low
CHG-10353,standard,2025-12-10 23:11:41,2025-12-13 13:56:41,manager,yes,approved,med
CHG-10354,emergency,2025-12-20 02:02:03,2025-12-21 07:07:03,cab,yes,approved,low
CHG-10355,standard,2025-11-17 02:55:09,2025-11-19 02:00:09,manager,yes,approved,med
CHG-10356,standard,2025-10-13 01:29:36,2025-10-13 23:13:36,cab,yes,approved,low
CHG-10357,standard,2025-12-03 02:36:11,2025-12-04 19:58:11,cab,yes,approved,high
CHG-10358,standard,2025-12-04 12:25:03,2025-12-05 11:10:03,sre,yes,approved,med
CHG-10359,standard,2025-12-08 07:44:07,2025-12-08 20:53:07,manager,yes,approved,low
CHG-10360,standard,2025-10-01 18:47:13,2025-10-03 17:51:13,cab,yes,approved,high
CHG-10361,standard,2025-10-09 16:09:23,2025-10-10 06:18:23,cab,yes,approved,low
CHG-10362,standard,2025-10-13 22:15:11,2025-10-14 17:55:11,sre,yes,approved,low
CHG-10363,standard,2025-11-30 23:31:57,2025-12-01 20:21:57,cab,yes,approved,med
CHG-10364,standard,2025-12-13 01:19:31,2025-12-13 18:17:31,cab,yes,approved,low
CHG-10365,standard,2025-10-09 04:18:49,2025-10-10 14:20:49,sre,yes,approved,med
CHG-10366,standard,2025-12-22 05:48:58,2025-12-23 23:09:58,manager,yes,approved,med
CHG-10367,standard,2025-12-27 04:17:16,2025-12-28 13:07:16,cab,yes,approved,low
CHG-10368,standard,2025-10-02 04:07:05,2025-10-04 05:35:05,sre,no,approved,low
CHG-10369,standard,2025-11-15 17:32:37,2025-11-16 03:39:37,cab,yes,approved,low
CHG-10370,emergency,2025-11-08 15:20:56,2025-11-11 12:40:56,cab,yes,approved,med
CHG-10371,standard,2025-11-22 04:49:40,2025-11-23 01:49:40,sre,yes,approved,low
CHG-10372,standard,2025-11-01 17:23:00,2025-11-03 22:53:00,sre,yes,approved,med
CHG-10373,standard,2025-12-10 20:55:34,2025-12-12 05:39:34,cab,yes,approved,low
CHG-10374,standard,2025-12-04 16:04:40,2025-12-05 16:12:40,sre,yes,rejected,med
CHG-10375,standard,2025-11-20 05:12:59,2025-11-21 16:45:59,cab,yes,approved,low
CHG-10376,standard,2025-11-02 12:37:56,2025-11-04 23:24:56,sre,yes,approved,low
CHG-10377,standard,2025-11-19 14:12:28,2025-11-21 15:32:28,manager,yes,approved,med
CHG-10378,standard,2025-11-25 17:18:45,,manager,yes,approved,low
CHG-10379,standard,2025-11-05 08:07:36,2025-11-07 12:34:36,manager,no,approved,low
CHG-10380,standard,2025-11-10 17:12:04,2025-11-12 00:01:04,sre,yes,approved,low
CHG-10381,standard,2025-10-12 14:13:27,2025-10-15 10:55:27,manager,yes,approved,low
CHG-10382,emergency,2025-10-07 16:36:36,2025-10-10 08:16:36,cab,yes,approved,med
CHG-10383,standard,2025-10-20 11:35:51,2025-10-22 03:33:51,sre,yes,approved,low
CHG-10384,emergency,2025-12-15 00:19:09,2025-12-16 03:09:09,manager,yes,approved,low
CHG-10385,standard,2025-11-22 13:53:30,,manager,yes,approved,med
CHG-10386,standard,2025-12-22 10:19:38,2025-12-24 04:28:38,manager,yes,approved,low
CHG-10387,emergency,2025-10-14 19:45:15,2025-10-16 10:07:15,sre,yes,approved,high
CHG-10388,standard,2025-12-12 14:43:54,2025-12-13 02:28:54,sre,yes,approved,low
CHG-10389,standard,2025-11-12 05:35:00,2025-11-12 23:35:00,cab,yes,approved,low
CHG-10390,standard,2025-11-01 16:13:16,2025-11-03 11:48:16,manager,yes,approved,low
CHG-10391,standard,2025-10-11 06:12:01,2025-10-12 04:48:01,manager,yes,approved,low
CHG-10392,standard,2025-10-30 22:24:32,2025-11-02 13:49:32,manager,yes,approved,low
CHG-10393,standard,2025-11-28 13:47:48,2025-11-28 19:27:48,manager,yes,approved,med
CHG-10394,standard,2025-11-19 20:26:51,2025-11-20 03:17:51,manager,yes,approved,low
CHG-10395,standard,2025-12-12 15:08:56,2025-12-14 01:24:56,manager,yes,approved,low
CHG-10396,standard,2025-10-22 13:58:08,2025-10-23 07:58:08,sre,yes,approved,low
CHG-10397,standard,2025-10-26 03:05:44,2025-10-26 13:29:44,sre,yes,approved,low
CHG-10398,emergency,2025-12-20 12:32:23,2025-12-22 09:58:23,manager,yes,approved,high
CHG-10399,standard,2025-11-08 08:24:49,2025-11-11 04:18:49,manager,yes,approved,med
CHG-10400,standard,2025-11-13 07:16:55,2025-11-14 03:43:55,manager,yes,approved,med
CHG-10401,standard,2025-11-16 12:13:22,2025-11-16 20:42:22,cab,yes,approved,low
CHG-10402,standard,2025-12-01 05:45:51,2025-12-01 08:34:51,cab,no,approved,med
CHG-10403,standard,2025-11-24 22:03:45,2025-11-27 18:48:45,manager,yes,approved,low
CHG-10404,standard,2025-12-15 14:07:32,2025-12-17 04:38:32,sre,yes,approved,high
CHG-10405,standard,2025-10-16 11:57:09,2025-10-17 01:47:09,sre,yes,approved,low
CHG-10406,standard,2025-10-22 07:15:57,2025-10-24 12:26:57,manager,yes,approved,med
CHG-10407,standard,2025-12-07 17:35:15,2025-12-09 18:44:15,sre,yes,approved,low
CHG-10408,standard,2025-10-19 06:36:58,2025-10-22 01:58:58,manager,yes,approved,low
CHG-10409,standard,2025-11-21 02:42:50,2025-11-23 20:07:50,manager,yes,approved,high
CHG-10410,standard,2025-12-17 21:47:04,2025-12-19 18:07:04,sre,yes,approved,low
CHG-10411,standard,2025-12-23 13:30:18,2025-12-25 15:29:18,sre,no,approved,low
CHG-10412,standard,2025-10-14 05:57:19,2025-10-15 03:37:19,sre,yes,approved,low
CHG-10413,standard,2025-11-24 13:30:07,2025-11-26 14:23:07,manager,yes,approved,low
CHG-10414,standard,2025-10-18 06:05:25,2025-10-18 06:29:25,cab,no,approved,high
CHG-10415,standard,2025-10-18 16:16:52,2025-10-20 11:52:52,manager,no,approved,high
CHG-10416,standard,2025-11-02 03:40:42,2025-11-02 14:27:42,manager,yes,approved,high
CHG-10417,standard,2025-12-05 01:16:13,2025-12-06 23:16:13,manager,yes,approved,low
CHG-10418,standard,2025-12-09 22:41:07,2025-12-09 23:01:07,cab,yes,approved,low
CHG-10419,standard,2025-11-06 18:27:51,2025-11-08 18:34:51,cab,yes,approved,low
CHG-10420,standard,2025-10-22 21:38:45,2025-10-23 20:00:45,manager,yes,approved,med
CHG-10421,emergency,2025-10-08 04:53:58,2025-10-10 03:43:58,sre,yes,approved,low
CHG-10422,emergency,2025-11-02 19:28:54,2025-11-05 13:32:54,sre,yes,approved,low
CHG-10423,standard,2025-10-10 19:56:52,2025-10-12 17:18:52,sre,yes,approved,low
CHG-10424,standard,2025-12-04 03:18:16,2025-12-05 17:54:16,cab,yes,approved,low
CHG-10425,standard,2025-11-05 00:47:32,2025-11-05 01:28:32,sre,yes,approved,low
CHG-10426,standard,2025-10-21 02:14:07,2025-10-22 01:43:07,cab,yes,approved,high
CHG-10427,standard,2025-11-17 11:40:41,2025-11-19 00:00:41,manager,yes,approved,low
CHG-10428,standard,2025-10-05 07:57:53,2025-10-06 20:03:53,cab,yes,approved,low
CHG-10429,standard,2025-10-10 09:20:00,2025-10-10 21:12:00,cab,yes,approved,med
CHG-10430,standard,2025-12-21 15:11:57,2025-12-23 20:12:57,sre,yes,approved,low
CHG-10431,standard,2025-10-23 21:05:08,2025-10-26 14:16:08,sre,yes,approved,low
CHG-10432,standard,2025-11-25 11:39:27,2025-11-26 07:56:27,manager,yes,approved,med
CHG-10433,standard,2025-10-19 17:05:03,2025-10-20 10:28:03,sre,yes,approved,low
CHG-10434,standard,2025-12-20 23:36:46,2025-12-22 10:58:46,manager,yes,approved,med
CHG-10435,standard,2025-12-23 04:04:44,2025-12-24 17:56:44,manager,yes,approved,high
CHG-10436,standard,2025-11-10 17:43:28,2025-11-11 09:14:28,sre,yes,approved,low
CHG-10437,standard,2025-10-11 06:08:49,2025-10-11 20:05:49,cab,yes,approved,med
CHG-10438,standard,2025-11-25 12:54:38,2025-11-28 05:39:38,manager,yes,approved,low
CHG-10439,standard,2025-11-08 10:15:50,2025-11-10 07:40:50,cab,yes,approved,low
CHG-10440,standard,2025-12-19 08:38:50,2025-12-21 02:10:50,sre,yes,approved,med
CHG-10441,standard,2025-10-30 04:10:12,2025-11-01 16:49:12,sre,yes,approved,low
CHG-10442,standard,2025-10-21 12:34:32,2025-10-23 20:19:32,cab,yes,approved,med
CHG-10443,standard,2025-10-31 04:58:09,,sre,yes,approved,med
CHG-10444,standard,2025-12-20 20:52:02,2025-12-22 00:26:02,cab,yes,approved,low
CHG-10445,standard,2025-11-05 18:19:19,2025-11-08 09:51:19,manager,yes,approved,med
CHG-10446,standard,2025-11-13 07:29:46,2025-11-14 07:53:46,sre,no,approved,low
CHG-10447,standard,2025-12-12 17:12:21,2025-12-13 05:42:21,manager,yes,approved,low
CHG-10448,standard,2025-10-22 11:47:07,2025-10-23 18:41:07,cab,yes,approved,low
CHG-10449,emergency,2025-12-06 05:38:26,,manager,yes,approved,low
CHG-10450,standard,2025-12-18 03:59:07,2025-12-19 21:51:07,cab,yes,approved,med
CHG-10451,standard,2025-10-25 11:11:58,2025-10-26 17:08:58,sre,yes,approved,med
CHG-10452,standard,2025-12-04 07:24:00,2025-12-06 10:39:00,cab,yes,approved,low
CHG-10453,standard,2025-10-27 20:15:09,2025-10-29 16:48:09,sre,yes,approved,low
CHG-10454,standard,2025-11-20 05:22:53,2025-11-21 14:20:53,sre,yes,approved,med
CHG-10455,standard,2025-10-03 11:18:54,2025-10-06 07:22:54,cab,no,approved,low
CHG-10456,standard,2025-11-25 12:57:19,2025-11-26 15:02:19,sre,yes,approved,med
CHG-10457,emergency,2025-12-05 05:34:01,2025-12-07 06:40:01,sre,yes,approved,med
CHG-10458,standard,2025-10-13 10:07:53,2025-10-14 21:35:53,manager,yes,approved,low
CHG-10459,standard,2025-10-22 13:53:17,2025-10-24 14:33:17,cab,yes,approved,med
CHG-10460,standard,2025-10-29 13:11:19,2025-11-01 04:40:19,sre,yes,approved,low
CHG-10461,standard,2025-12-26 08:30:46,2025-12-27 11:13:46,cab,yes,approved,med
CHG-10462,standard,2025-10-15 15:20:21,2025-10-16 10:15:21,sre,no,approved,low
CHG-10463,standard,2025-12-23 17:31:24,2025-12-24 18:18:24,sre,yes,approved,low
CHG-10464,standard,2025-11-13 21:21:37,2025-11-15 10:51:37,sre,yes,approved,med
CHG-10465,standard,2025-10-09 13:09:04,2025-10-10 06:59:04,cab,yes,approved,med
CHG-10466,standard,2025-11-21 19:48:13,2025-11-22 23:11:13,cab,yes,approved,high
CHG-10467,standard,2025-10-01 09:36:33,2025-10-02 19:44:33,cab,yes,approved,med
CHG-10468,standard,2025-10-17 05:11:06,2025-10-17 14:15:06,cab,yes,approved,low
CHG-10469,standard,2025-11-12 02:30:47,2025-11-12 20:56:47,cab,yes,approved,high
CHG-10470,emergency,2025-12-18 20:06:59,,manager,yes,approved,low
CHG-10471,standard,2025-10-12 22:59:17,2025-10-15 01:12:17,cab,yes,approved,med
CHG-10472,standard,2025-10-05 17:12:56,2025-10-05 23:54:56,manager,yes,approved,med
CHG-10473,standard,2025-10-12 23:59:50,,sre,yes,approved,low
CHG-10474,standard,2025-10-10 19:18:00,2025-10-13 18:30:00,manager,yes,approved,med
CHG-10475,standard,2025-11-29 23:20:26,2025-11-30 15:34:26,cab,yes,approved,med
CHG-10476,standard,2025-11-20 19:01:07,2025-11-21 22:43:07,manager,yes,approved,low
CHG-10477,standard,2025-12-30 14:20:14,2026-01-02 08:07:14,sre,yes,approved,low
CHG-10478,standard,2025-11-17 23:20:45,2025-11-18 19:51:45,manager,no,approved,med
CHG-10479,standard,2025-10-23 10:38:33,2025-10-26 01:09:33,cab,no,approved,low
CHG-10480,standard,2025-12-22 17:53:00,2025-12-24 09:43:00,cab,yes,approved,med
CHG-10481,standard,2025-10-05 10:55:45,2025-10-05 12:24:45,manager,yes,approved,med
CHG-10482,emergency,2025-10-27 01:12:22,2025-10-27 14:03:22,manager,yes,approved,low
CHG-10483,standard,2025-11-07 10:46:56,2025-11-10 04:13:56,manager,yes,approved,med
CHG-10484,standard,2025-12-21 23:28:39,2025-12-22 21:23:39,cab,yes,approved,high
CHG-10485,standard,2025-11-06 20:53:00,2025-11-08 22:00:00,sre,yes,approved,med
CHG-10486,emergency,2025-10-11 23:09:48,2025-10-14 07:28:48,sre,yes,approved,low
CHG-10487,standard,2025-12-14 12:28:17,2025-12-15 19:12:17,cab,no,approved,med
CHG-10488,standard,2025-11-12 00:36:31,2025-11-13 10:42:31,sre,yes,approved,med
CHG-10489,standard,2025-11-29 12:11:35,2025-11-29 19:48:35,sre,yes,approved,high
CHG-10490,standard,2025-10-08 06:26:55,2025-10-11 01:43:55,cab,yes,approved,low
CHG-10491,standard,2025-11-09 03:42:12,2025-11-10 11:57:12,sre,yes,approved,low
CHG-10492,standard,2025-10-12 12:36:25,2025-10-15 08:40:25,cab,yes,approved,low
CHG-10493,standard,2025-10-09 19:48:07,2025-10-11 13:33:07,sre,yes,approved,low
CHG-10494,standard,2025-10-06 06:28:13,2025-10-07 13:04:13,sre,yes,approved,low
CHG-10495,standard,2025-11-13 22:28:37,2025-11-14 14:12:37,manager,yes,approved,med
CHG-10496,emergency,2025-10-29 08:22:15,2025-11-01 07:48:15,manager,yes,approved,low
CHG-10497,standard,2025-11-09 17:31:48,2025-11-10 08:17:48,manager,yes,approved,low
CHG-10498,standard,2025-12-15 20:50:29,2025-12-16 23:01:29,cab,yes,approved,low
CHG-10499,standard,2025-10-12 23:07:17,2025-10-15 12:47:17,sre,yes,approved,low
CHG-10500,standard,2025-10-05 17:10:48,2025-10-08 04:25:48,sre,yes,approved,low
CHG-10501,standard,2025-10-17 20:38:04,2025-10-18 14:19:04,sre,yes,approved,med
CHG-10502,standard,2025-11-29 03:03:29,2025-11-30 13:06:29,cab,yes,approved,high
CHG-10503,standard,2025-12-07 23:09:05,2025-12-10 21:15:05,cab,yes,approved,med
CHG-10504,standard,2025-10-20 12:06:19,2025-10-21 16:53:19,cab,yes,approved,low
CHG-10505,standard,2025-10-18 06:20:01,2025-10-21 03:17:01,sre,yes,approved,med
CHG-10506,standard,2025-11-25 09:41:00,2025-11-27 18:50:00,sre,yes,approved,med
CHG-10507,standard,2025-11-20 18:02:56,2025-11-21 08:44:56,sre,yes,approved,low
CHG-10508,standard,2025-10-28 19:51:45,2025-10-30 06:13:45,cab,yes,approved,low
CHG-10509,standard,2025-11-13 22:37:17,2025-11-14 12:46:17,sre,yes,approved,med
CHG-10510,standard,2025-10-24 01:38:15,2025-10-26 23:33:15,cab,yes,approved,med
CHG-10511,standard,2025-11-10 10:40:10,2025-11-12 05:31:10,sre,no,approved,low
CHG-10512,standard,2025-12-24 11:31:19,2025-12-27 00:10:19,sre,yes,approved,high
CHG-10513,standard,2025-12-11 16:42:47,2025-12-12 19:41:47,cab,yes,approved,high
CHG-10514,standard,2025-10-17 20:58:19,2025-10-20 19:17:19,cab,yes,approved,low
CHG-10515,standard,2025-10-25 18:13:50,2025-10-25 19:09:50,manager,yes,approved,med
CHG-10516,standard,2025-12-15 02:45:38,2025-12-16 20:02:38,cab,yes,approved,low
CHG-10517,standard,2025-10-18 20:26:45,2025-10-21 19:40:45,cab,yes,approved,low
CHG-10518,standard,2025-12-25 18:27:48,2025-12-26 23:44:48,cab,yes,approved,low
CHG-10519,standard,2025-11-24 12:00:16,2025-11-24 13:22:16,manager,yes,approved,low
CHG-10520,standard,2025-10-04 20:55:14,2025-10-06 16:54:14,manager,yes,approved,med
CHG-10521,standard,2025-12-28 11:33:59,2025-12-31 10:17:59,sre,yes,approved,low
CHG-10522,standard,2025-10-19 16:35:10,2025-10-21 12:29:10,manager,yes,approved,high
CHG-10523,standard,2025-11-30 20:51:35,2025-12-01 05:57:35,manager,yes,approved,med
CHG-10524,standard,2025-11-22 05:03:29,,sre,yes,approved,high
CHG-10525,standard,2025-10-04 16:16:53,2025-10-05 04:22:53,cab,yes,approved,low
CHG-10526,standard,2025-10-26 02:41:36,2025-10-28 10:30:36,cab,yes,approved,med
CHG-10527,standard,2025-10-01 13:44:43,2025-10-01 22:32:43,sre,yes,approved,low
CHG-10528,standard,2025-10-29 03:22:05,2025-10-30 20:40:05,cab,yes,approved,low
CHG-10529,standard,2025-10-16 04:15:36,2025-10-17 10:26:36,sre,yes,approved,low
CHG-10530,standard,2025-12-26 02:48:31,2025-12-28 05:54:31,sre,no,approved,low
CHG-10531,standard,2025-11-08 06:16:36,2025-11-08 18:03:36,sre,yes,approved,med
CHG-10532,standard,2025-11-19 18:20:03,2025-11-20 13:56:03,cab,yes,approved,low
CHG-10533,standard,2025-12-22 17:53:20,2025-12-23 01:28:20,sre,yes,approved,high
CHG-10534,standard,2025-10-07 12:57:59,2025-10-08 23:20:59,cab,yes,approved,med
CHG-10535,standard,2025-10-23 18:30:04,2025-10-24 08:19:04,manager,yes,approved,low
CHG-10536,standard,2025-10-30 16:16:31,2025-10-31 13:14:31,cab,yes,approved,low
CHG-10537,standard,2025-12-16 06:43:14,2025-12-17 13:07:14,cab,yes,approved,med
CHG-10538,standard,2025-12-25 05:37:20,2025-12-27 23:18:20,cab,yes,approved,low
CHG-10539,standard,2025-10-08 23:00:45,2025-10-10 13:28:45,sre,yes,approved,low
CHG-10540,standard,2025-12-10 15:01:26,2025-12-11 01:28:26,sre,yes,approved,med
CHG-10541,standard,2025-11-27 06:53:03,2025-11-28 12:05:03,sre,yes,approved,low
CHG-10542,standard,2025-10-15 10:20:23,2025-10-17 12:26:23,sre,yes,approved,med
CHG-10543,standard,2025-11-19 13:20:46,2025-11-20 01:51:46,sre,yes,approved,low
CHG-10544,emergency,2025-12-06 10:12:43,2025-12-07 09:00:43,manager,yes,approved,low
CHG-10545,standard,2025-10-15 04:40:06,2025-10-17 22:50:06,cab,no,approved,low
CHG-10546,standard,2025-12-04 21:55:02,2025-12-06 02:18:02,cab,yes,approved,med
CHG-10547,standard,2025-12-02 23:10:19,2025-12-04 19:34:19,sre,yes,approved,high
CHG-10548,standard,2025-11-22 20:25:39,2025-11-23 20:19:39,sre,yes,approved,low
CHG-10549,standard,2025-11-06 12:54:34,2025-11-07 19:29:34,cab,yes,approved,low
CHG-10550,standard,2025-11-18 17:21:53,2025-11-19 12:29:53,sre,yes,approved,low
CHG-10551,standard,2025-11-05 04:02:26,2025-11-05 20:21:26,cab,yes,approved,low
CHG-10552,standard,2025-10-21 10:58:32,2025-10-22 09:08:32,manager,yes,approved,low
CHG-10553,standard,2025-12-01 02:56:07,2025-12-04 01:05:07,manager,yes,approved,low
CHG-10554,standard,2025-11-09 08:46:54,2025-11-09 11:28:54,cab,yes,approved,med
CHG-10555,standard,2025-11-15 18:28:22,2025-11-18 12:23:22,sre,yes,approved,med
CHG-10556,standard,2025-11-30 12:11:18,2025-12-03 10:05:18,cab,yes,approved,med
CHG-10557,standard,2025-11-06 17:17:46,2025-11-08 22:04:46,sre,yes,approved,low
CHG-10558,standard,2025-10-15 12:30:10,2025-10-16 01:48:10,sre,yes,approved,high
CHG-10559,standard,2025-10-12 09:49:59,,sre,yes,approved,low
CHG-10560,emergency,2025-12-05 21:09:28,2025-12-08 08:13:28,manager,yes,approved,low
CHG-10561,emergency,2025-11-16 19:25:44,2025-11-18 23:38:44,sre,yes,approved,med
CHG-10562,standard,2025-12-14 08:34:50,2025-12-15 16:28:50,sre,yes,approved,low
CHG-10563,standard,2025-12-08 20:26:11,2025-12-08 21:34:11,manager,yes,approved,low
CHG-10564,standard,2025-11-09 16:40:41,2025-11-11 18:17:41,sre,yes,approved,low
CHG-10565,standard,2025-11-05 12:00:44,2025-11-07 01:47:44,manager,no,approved,low
CHG-10566,standard,2025-11-05 22:39:31,2025-11-08 16:51:31,cab,yes,approved,low
CHG-10567,standard,2025-12-23 20:52:15,2025-12-24 13:17:15,sre,yes,approved,low
CHG-10568,standard,2025-12-16 07:42:06,2025-12-18 06:04:06,sre,yes,approved,med
CHG-10569,emergency,2025-10-01 12:19:41,2025-10-02 00:55:41,sre,yes,approved,low
CHG-10570,standard,2025-10-08 18:30:21,2025-10-08 23:49:21,cab,yes,approved,high
CHG-10571,standard,2025-11-28 00:12:43,,sre,no,approved,med
CHG-10572,standard,2025-12-30 08:49:27,2026-01-02 07:43:27,sre,yes,approved,low
CHG-10573,standard,2025-12-05 10:35:26,2025-12-05 15:40:26,manager,yes,approved,med
CHG-10574,standard,2025-12-05 00:25:32,2025-12-07 06:32:32,manager,yes,approved,low
CHG-10575,standard,2025-10-28 14:55:06,2025-10-30 14:36:06,manager,yes,approved,med
CHG-10576,emergency,2025-11-25 19:37:47,2025-11-25 20:25:47,manager,yes,approved,low
CHG-10577,standard,2025-10-12 08:39:02,2025-10-15 06:53:02,sre,no,approved,med
CHG-10578,standard,2025-11-16 22:56:21,2025-11-18 08:18:21,cab,yes,approved,high
CHG-10579,standard,2025-11-16 19:04:18,2025-11-17 11:06:18,manager,yes,approved,low
CHG-10580,standard,2025-11-04 06:46:26,2025-11-07 05:27:26,cab,yes,approved,med
CHG-10581,standard,2025-12-19 17:14:33,2025-12-21 16:05:33,cab,yes,approved,high
CHG-10582,standard,2025-10-18 17:55:07,2025-10-19 20:02:07,sre,yes,approved,low
CHG-10583,standard,2025-12-21 01:33:08,2025-12-22 11:48:08,manager,yes,approved,low
CHG-10584,emergency,2025-11-17 19:59:32,2025-11-17 21:03:32,manager,yes,approved,low
CHG-10585,standard,2025-12-27 04:46:26,2025-12-28 18:26:26,sre,yes,approved,high
CHG-10586,standard,2025-10-06 06:10:27,2025-10-09 06:06:27,sre,yes,approved,low
CHG-10587,standard,2025-12-15 07:59:14,2025-12-16 08:00:14,sre,yes,approved,low
CHG-10588,standard,2025-10-21 11:05:19,2025-10-23 15:03:19,sre,yes,approved,low
CHG-10589,standard,2025-10-27 03:46:00,2025-10-29 20:17:00,manager,no,approved,low
CHG-10590,standard,2025-11-06 03:32:39,2025-11-08 05:32:39,manager,yes,approved,low
CHG-10591,standard,2025-12-19 01:12:06,2025-12-19 15:00:06,sre,yes,approved,med
CHG-10592,standard,2025-12-11 16:55:39,2025-12-12 13:30:39,cab,yes,approved,low
CHG-10593,standard,2025-11-20 04:42:48,2025-11-21 23:58:48,sre,yes,approved,low
CHG-10594,standard,2025-10-16 20:36:51,2025-10-17 04:57:51,sre,yes,approved,low
CHG-10595,standard,2025-11-04 23:34:30,2025-11-06 10:55:30,cab,yes,approved,low
CHG-10596,standard,2025-11-25 21:55:52,2025-11-26 21:54:52,cab,no,approved,low
CHG-10597,standard,2025-12-26 08:59:37,2025-12-26 19:51:37,sre,yes,approved,low
CHG-10598,standard,2025-12-30 03:43:01,2026-01-01 01:56:01,cab,yes,approved,med
CHG-10599,standard,2025-10-23 03:47:10,2025-10-24 22:45:10,cab,yes,approved,low
CHG-10600,standard,2025-12-15 19:48:05,2025-12-17 21:33:05,cab,yes,approved,low
CHG-10601,standard,2025-12-10 15:49:57,2025-12-12 00:01:57,sre,yes,approved,high
CHG-10602,standard,2025-10-10 06:39:22,2025-10-10 15:31:22,manager,no,rejected,low
CHG-10603,standard,2025-10-09 01:59:21,2025-10-09 16:20:21,sre,yes,approved,low
CHG-10604,standard,2025-12-11 14:43:00,,sre,yes,approved,low
CHG-10605,standard,2025-12-23 12:48:16,2025-12-25 09:22:16,sre,yes,approved,low
CHG-10606,standard,2025-12-07 17:34:44,2025-12-08 17:54:44,sre,yes,approved,low
CHG-10607,standard,2025-12-02 02:12:31,2025-12-03 20:38:31,manager,yes,approved,low
CHG-10608,standard,2025-10-26 05:23:39,2025-10-27 02:48:39,manager,yes,approved,low
CHG-10609,standard,2025-12-29 12:37:18,2026-01-01 07:56:18,manager,no,approved,low
CHG-10610,standard,2025-12-17 08:36:09,2025-12-17 09:45:09,sre,yes,approved,low
CHG-10611,standard,2025-12-02 17:16:03,2025-12-04 22:38:03,manager,yes,approved,low
CHG-10612,standard,2025-12-28 08:20:50,2025-12-29 21:37:50,cab,yes,approved,med
CHG-10613,standard,2025-10-29 02:48:21,2025-10-29 18:02:21,cab,yes,approved,med
CHG-10614,standard,2025-10-15 18:32:00,2025-10-16 01:28:00,manager,no,approved,low
CHG-10615,standard,2025-10-01 19:07:00,2025-10-03 03:04:00,manager,yes,approved,low
CHG-10616,standard,2025-11-06 01:25:04,2025-11-08 16:53:04,manager,yes,approved,low
CHG-10617,standard,2025-12-15 07:24:08,2025-12-17 13:08:08,manager,yes,approved,low
CHG-10618,standard,2025-10-02 05:23:46,2025-10-02 22:12:46,cab,no,approved,med
CHG-10619,standard,2025-10-04 06:05:04,2025-10-05 09:26:04,sre,yes,approved,med
CHG-10620,standard,2025-10-31 07:16:03,2025-11-02 03:32:03,sre,yes,approved,med
CHG-10621,standard,2025-12-01 23:51:34,2025-12-03 16:48:34,sre,yes,approved,med
CHG-10622,standard,2025-11-01 12:10:16,2025-11-01 14:23:16,manager,yes,approved,low
CHG-10623,emergency,2025-11-26 10:00:27,2025-11-29 03:03:27,manager,yes,approved,low
CHG-10624,standard,2025-11-02 20:34:50,2025-11-03 04:55:50,sre,yes,approved,med
CHG-10625,standard,2025-10-31 18:03:23,2025-11-02 17:38:23,manager,yes,rejected,low
CHG-10626,standard,2025-10-25 08:09:52,2025-10-25 13:42:52,cab,yes,approved,low
CHG-10627,standard,2025-11-22 18:43:39,2025-11-24 18:21:39,sre,yes,approved,low
CHG-10628,standard,2025-10-16 01:14:07,2025-10-18 14:45:07,cab,yes,approved,low
CHG-10629,standard,2025-12-11 05:32:47,2025-12-12 07:01:47,cab,yes,approved,med
CHG-10630,standard,2025-12-03 21:55:31,2025-12-06 02:59:31,sre,yes,approved,med
CHG-10631,standard,2025-11-01 06:22:13,2025-11-01 21:36:13,manager,yes,approved,med
CHG-10632,standard,2025-10-20 14:52:41,2025-10-21 05:38:41,sre,yes,approved,low
CHG-10633,standard,2025-11-30 13:57:23,2025-12-02 01:03:23,sre,yes,approved,low
CHG-10634,standard,2025-11-17 17:03:28,2025-11-18 04:08:28,cab,yes,approved,med
CHG-10635,standard,2025-11-05 19:59:32,2025-11-06 04:06:32,manager,yes,approved,low
CHG-10636,standard,2025-10-21 23:05:00,2025-10-24 22:10:00,sre,yes,approved,med
CHG-10637,standard,2025-11-25 08:15:38,2025-11-26 08:50:38,sre,yes,approved,low
CHG-10638,standard,2025-11-14 12:53:47,2025-11-16 23:21:47,manager,yes,approved,low
CHG-10639,standard,2025-11-21 20:04:41,2025-11-24 08:43:41,sre,no,approved,high
CHG-10640,standard,2025-12-14 04:40:43,2025-12-16 15:37:43,manager,yes,approved,low
CHG-10641,standard,2025-12-29 22:04:43,2025-12-31 08:55:43,cab,yes,rejected,low
CHG-10642,standard,2025-10-02 13:59:14,2025-10-05 12:49:14,manager,yes,approved,med
CHG-10643,standard,2025-10-03 02:34:04,2025-10-04 16:24:04,sre,yes,approved,low
CHG-10644,standard,2025-11-04 12:44:16,2025-11-05 10:12:16,sre,yes,approved,low
CHG-10645,standard,2025-11-25 09:19:53,2025-11-27 16:04:53,manager,yes,approved,low
CHG-10646,standard,2025-12-20 04:01:57,2025-12-20 17:12:57,sre,yes,approved,low
CHG-10647,standard,2025-12-29 12:06:58,2025-12-31 09:55:58,cab,yes,approved,med
CHG-10648,standard,2025-12-12 14:13:03,2025-12-12 15:56:03,manager,yes,approved,med
CHG-10649,standard,2025-10-15 12:32:48,2025-10-17 09:19:48,manager,yes,approved,low
CHG-10650,emergency,2025-12-13 02:14:41,2025-12-15 23:18:41,cab,yes,approved,low
CHG-10651,standard,2025-12-12 08:42:35,2025-12-12 15:35:35,cab,yes,approved,low
CHG-10652,standard,2025-10-14 02:16:17,2025-10-16 20:05:17,sre,yes,approved,low
CHG-10653,emergency,2025-11-20 21:35:09,2025-11-22 07:22:09,cab,yes,approved,low
CHG-10654,standard,2025-12-05 05:17:06,2025-12-07 13:55:06,cab,yes,approved,low
CHG-10655,standard,2025-10-17 10:23:36,2025-10-19 10:17:36,cab,yes,approved,high
CHG-10656,emergency,2025-10-23 16:04:12,2025-10-24 19:29:12,sre,yes,approved,low
CHG-10657,standard,2025-11-30 07:02:26,2025-12-01 03:21:26,manager,yes,approved,med
CHG-10658,standard,2025-11-15 17:57:10,2025-11-15 21:13:10,manager,yes,approved,med
CHG-10659,standard,2025-11-16 21:31:58,2025-11-17 16:58:58,cab,yes,approved,med
CHG-10660,standard,2025-10-17 12:52:24,2025-10-17 21:14:24,sre,yes,approved,med
CHG-10661,emergency,2025-10-07 11:11:02,2025-10-09 16:24:02,sre,yes,approved,med
CHG-10662,standard,2025-12-25 18:28:35,2025-12-27 23:24:35,sre,yes,approved,low
CHG-10663,standard,2025-11-21 14:37:33,2025-11-22 02:48:33,cab,yes,approved,low
CHG-10664,standard,2025-12-29 13:02:42,2025-12-31 06:49:42,manager,yes,rejected,low
CHG-10665,standard,2025-10-30 08:28:16,2025-10-31 16:52:16,cab,no,approved,high
CHG-10666,standard,2025-12-26 10:47:14,2025-12-26 14:58:14,manager,no,approved,high
CHG-10667,standard,2025-10-09 12:34:37,2025-10-11 16:55:37,sre,yes,approved,med
CHG-10668,standard,2025-11-11 09:44:07,2025-11-13 04:33:07,sre,yes,approved,low
CHG-10669,standard,2025-12-06 09:56:55,2025-12-07 13:43:55,sre,yes,approved,low
CHG-10670,standard,2025-12-28 06:07:42,2025-12-29 02:06:42,manager,yes,approved,low
CHG-10671,emergency,2025-10-12 11:51:44,2025-10-13 13:09:44,sre,yes,rejected,med
CHG-10672,emergency,2025-11-09 22:17:09,2025-11-11 15:52:09,sre,yes,approved,high
CHG-10673,standard,2025-10-11 08:47:43,2025-10-12 02:54:43,sre,yes,approved,med
CHG-10674,standard,2025-11-27 21:37:16,2025-11-29 05:29:16,manager,yes,approved,low
CHG-10675,standard,2025-11-28 17:04:49,2025-12-01 09:14:49,cab,yes,approved,low
CHG-10676,standard,2025-10-04 03:06:01,2025-10-06 11:03:01,cab,yes,approved,low
CHG-10677,standard,2025-10-20 16:38:11,2025-10-21 20:43:11,cab,yes,approved,high
CHG-10678,standard,2025-11-14 10:09:25,2025-11-15 20:00:25,sre,yes,approved,med
CHG-10679,standard,2025-11-29 08:54:34,2025-12-02 08:46:34,manager,yes,approved,med
CHG-10680,standard,2025-10-05 02:50:10,2025-10-06 12:32:10,sre,yes,approved,low
CHG-10681,standard,2025-10-05 18:52:00,2025-10-06 20:57:00,cab,yes,approved,low
CHG-10682,standard,2025-10-29 14:02:51,2025-10-29 21:38:51,cab,yes,approved,high
CHG-10683,standard,2025-10-11 23:42:32,2025-10-13 00:24:32,sre,yes,approved,high
CHG-10684,standard,2025-10-03 10:02:57,2025-10-04 10:37:57,manager,yes,approved,med
CHG-10685,standard,2025-12-02 23:17:33,2025-12-03 21:50:33,manager,yes,approved,low
CHG-10686,standard,2025-12-08 16:04:47,2025-12-10 20:40:47,sre,yes,approved,high
CHG-10687,standard,2025-12-14 14:10:34,2025-12-15 13:39:34,sre,yes,approved,low
CHG-10688,standard,2025-12-14 16:15:54,2025-12-14 23:25:54,cab,yes,approved,low
CHG-10689,standard,2025-10-20 16:40:43,2025-10-20 17:18:43,cab,yes,approved,low
CHG-10690,standard,2025-11-29 00:42:18,2025-12-01 20:14:18,cab,yes,approved,low
CHG-10691,standard,2025-10-01 15:18:58,2025-10-03 00:52:58,sre,yes,approved,low
CHG-10692,standard,2025-10-15 09:27:42,2025-10-15 17:08:42,manager,yes,approved,low
CHG-10693,standard,2025-12-29 08:39:06,2025-12-29 20:47:06,manager,yes,approved,low
CHG-10694,standard,2025-12-07 22:45:40,2025-12-08 23:08:40,cab,no,approved,med
CHG-10695,standard,2025-11-05 18:49:44,2025-11-07 22:43:44,sre,yes,approved,med
CHG-10696,standard,2025-12-23 10:33:56,2025-12-25 00:11:56,manager,yes,approved,low
CHG-10697,standard,2025-12-10 20:23:26,2025-12-11 08:31:26,sre,yes,approved,med
CHG-10698,standard,2025-11-21 00:15:01,2025-11-23 00:43:01,cab,no,approved,med
CHG-10699,standard,2025-10-18 11:12:51,2025-10-19 19:08:51,manager,yes,approved,high
CHG-10700,standard,2025-12-11 14:25:33,2025-12-12 18:53:33,cab,yes,approved,high
CHG-10701,standard,2025-10-21 14:46:59,2025-10-21 16:28:59,cab,yes,approved,med
CHG-10702,standard,2025-11-01 10:47:50,2025-11-01 11:47:50,cab,yes,approved,low
CHG-10703,standard,2025-10-18 01:14:43,2025-10-19 03:53:43,sre,yes,approved,low
CHG-10704,standard,2025-10-14 04:19:46,2025-10-16 22:13:46,sre,yes,approved,low
CHG-10705,standard,2025-12-30 01:54:26,2025-12-30 09:42:26,sre,yes,approved,low
CHG-10706,standard,2025-11-26 01:26:02,2025-11-27 22:53:02,cab,yes,approved,med
CHG-10707,standard,2025-11-02 22:16:56,2025-11-05 01:39:56,sre,yes,approved,med
CHG-10708,standard,2025-12-15 22:59:36,2025-12-17 17:14:36,manager,yes,approved,low
CHG-10709,standard,2025-11-06 01:51:08,2025-11-08 15:43:08,sre,yes,approved,low
CHG-10710,standard,2025-12-15 12:22:58,2025-12-16 16:07:58,manager,yes,approved,low
CHG-10711,standard,2025-11-03 00:31:38,2025-11-05 18:41:38,cab,yes,approved,low
CHG-10712,standard,2025-11-20 02:42:31,2025-11-20 20:59:31,cab,yes,approved,low
CHG-10713,standard,2025-12-30 12:30:12,2025-12-30 18:40:12,manager,yes,approved,low
CHG-10714,standard,2025-12-14 09:19:45,2025-12-16 04:08:45,sre,yes,approved,med
CHG-10715,standard,2025-10-27 20:38:24,2025-10-29 16:22:24,cab,yes,approved,med
CHG-10716,standard,2025-11-30 11:34:01,2025-12-03 09:55:01,sre,yes,approved,low
CHG-10717,standard,2025-10-28 12:03:41,2025-10-29 21:38:41,cab,yes,approved,low
CHG-10718,standard,2025-12-27 16:49:25,2025-12-27 23:52:25,cab,yes,approved,low
CHG-10719,standard,2025-12-01 02:46:22,2025-12-03 15:48:22,manager,yes,approved,low
CHG-10720,standard,2025-12-29 14:14:33,2026-01-01 05:58:33,sre,yes,approved,low
CHG-10721,standard,2025-12-08 22:55:22,2025-12-11 14:37:22,manager,yes,approved,high
CHG-10722,emergency,2025-11-08 01:36:19,2025-11-09 02:48:19,cab,yes,approved,med
CHG-10723,standard,2025-11-04 02:54:59,2025-11-06 20:25:59,cab,yes,approved,low
CHG-10724,standard,2025-12-19 09:02:10,2025-12-19 23:48:10,cab,yes,approved,med
CHG-10725,standard,2025-11-30 06:44:35,2025-12-01 16:10:35,cab,yes,approved,high
CHG-10726,standard,2025-11-11 20:38:55,2025-11-14 08:14:55,sre,yes,approved,low
CHG-10727,standard,2025-12-30 09:04:06,2026-01-02 03:40:06,cab,yes,approved,low
CHG-10728,standard,2025-11-09 09:34:04,2025-11-09 19:14:04,sre,yes,approved,med
CHG-10729,standard,2025-12-04 02:17:43,2025-12-04 10:50:43,sre,yes,approved,med
CHG-10730,standard,2025-10-15 05:53:41,2025-10-16 02:25:41,sre,yes,approved,low
CHG-10731,standard,2025-10-31 17:43:34,2025-11-02 10:48:34,cab,yes,approved,high
CHG-10732,standard,2025-12-28 20:22:45,2025-12-30 19:32:45,sre,no,approved,low
CHG-10733,standard,2025-10-29 13:29:59,2025-10-29 22:10:59,manager,yes,rejected,low
CHG-10734,emergency,2025-10-11 15:36:56,2025-10-13 06:17:56,sre,yes,approved,low
CHG-10735,standard,2025-11-09 10:07:28,2025-11-11 14:22:28,manager,yes,approved,low
CHG-10736,standard,2025-12-29 18:11:57,,sre,yes,approved,low
CHG-10737,standard,2025-10-14 23:32:05,2025-10-17 18:09:05,manager,yes,approved,high
CHG-10738,standard,2025-11-14 06:37:25,2025-11-16 16:54:25,cab,yes,approved,low
CHG-10739,standard,2025-10-19 00:55:28,2025-10-21 11:04:28,sre,yes,approved,low
CHG-10740,standard,2025-11-23 00:39:34,2025-11-25 02:55:34,cab,yes,approved,low
CHG-10741,standard,2025-12-07 00:58:30,2025-12-07 12:03:30,cab,yes,approved,med
CHG-10742,standard,2025-10-09 14:05:41,2025-10-10 23:43:41,sre,yes,approved,med
CHG-10743,standard,2025-10-31 08:10:37,2025-10-31 15:32:37,manager,yes,approved,low
CHG-10744,standard,2025-12-11 05:54:42,2025-12-13 03:19:42,cab,yes,approved,high
CHG-10745,emergency,2025-12-12 18:17:14,2025-12-14 11:57:14,manager,yes,approved,low
CHG-10746,standard,2025-12-03 17:20:10,2025-12-05 09:20:10,cab,yes,approved,med
CHG-10747,standard,2025-12-16 02:17:59,,cab,yes,approved,med
CHG-10748,standard,2025-10-17 22:52:47,2025-10-18 19:40:47,manager,yes,approved,low
CHG-10749,standard,2025-12-17 14:40:18,2025-12-17 19:21:18,manager,yes,approved,low
CHG-10750,standard,2025-12-13 02:03:39,2025-12-15 10:35:39,cab,yes,approved,low
CHG-10751,standard,2025-12-21 17:36:47,2025-12-23 16:52:47,manager,yes,approved,low
CHG-10752,standard,2025-11-16 05:46:50,2025-11-17 13:50:50,cab,yes,approved,med
CHG-10753,standard,2025-10-29 00:56:04,2025-10-31 14:22:04,sre,yes,approved,low
CHG-10754,emergency,2025-12-01 21:18:21,2025-12-03 21:46:21,sre,no,approved,low
CHG-10755,standard,2025-10-10 13:00:05,2025-10-12 00:01:05,sre,yes,approved,low
CHG-10756,standard,2025-10-19 22:12:35,,manager,yes,approved,med
CHG-10757,standard,2025-10-07 14:20:22,2025-10-07 16:07:22,sre,yes,approved,low
CHG-10758,standard,2025-10-19 17:54:28,2025-10-19 22:42:28,sre,yes,approved,low
CHG-10759,emergency,2025-12-01 22:50:27,2025-12-02 15:37:27,sre,yes,approved,low
CHG-10760,standard,2025-11-24 23:02:09,2025-11-26 00:25:09,cab,yes,approved,med
CHG-10761,standard,2025-11-14 00:36:01,2025-11-15 14:30:01,sre,yes,approved,med
CHG-10762,standard,2025-10-08 04:25:32,2025-10-09 18:26:32,cab,yes,approved,low
CHG-10763,standard,2025-10-18 06:36:20,2025-10-20 18:55:20,manager,yes,approved,high
CHG-10764,standard,2025-10-14 23:14:50,2025-10-17 10:16:50,cab,yes,approved,med
CHG-10765,standard,2025-11-25 11:19:45,2025-11-26 21:41:45,cab,yes,approved,low
CHG-10766,emergency,2025-12-04 12:38:37,2025-12-06 18:06:37,cab,yes,approved,med
CHG-10767,emergency,2025-11-17 15:21:57,,manager,yes,approved,med
CHG-10768,emergency,2025-12-19 10:01:25,2025-12-22 04:00:25,cab,yes,approved,low
CHG-10769,standard,2025-12-02 19:47:33,2025-12-03 08:19:33,cab,yes,approved,med
CHG-10770,standard,2025-12-02 21:27:57,2025-12-04 01:20:57,cab,yes,approved,low
CHG-10771,standard,2025-10-11 08:47:15,2025-10-13 10:00:15,cab,yes,approved,med
CHG-10772,standard,2025-12-09 21:06:48,2025-12-11 05:49:48,sre,yes,approved,low
CHG-10773,emergency,2025-12-18 19:34:48,2025-12-21 09:04:48,cab,no,approved,low
CHG-10774,standard,2025-10-12 11:23:45,2025-10-13 16:27:45,cab,yes,approved,med
CHG-10775,standard,2025-12-11 22:46:30,,manager,no,approved,low
CHG-10776,emergency,2025-11-30 00:54:41,2025-11-30 07:19:41,manager,yes,approved,med
CHG-10777,standard,2025-12-17 01:26:53,2025-12-17 14:53:53,sre,yes,approved,low
CHG-10778,standard,2025-11-27 18:23:52,2025-11-29 00:39:52,cab,yes,approved,low
CHG-10779,standard,2025-11-01 11:31:19,2025-11-02 04:10:19,manager,no,approved,low
CHG-10780,standard,2025-10-05 10:13:27,2025-10-06 10:03:27,manager,yes,approved,low
CHG-10781,standard,2025-10-17 00:29:31,2025-10-19 12:32:31,manager,yes,approved,low
CHG-10782,standard,2025-12-15 12:04:58,2025-12-16 09:46:58,manager,yes,rejected,low
CHG-10783,standard,2025-11-27 15:29:32,2025-11-29 06:23:32,cab,yes,approved,med
CHG-10784,standard,2025-11-20 18:52:50,2025-11-23 08:31:50,sre,yes,approved,high
CHG-10785,standard,2025-11-29 10:10:45,2025-11-29 22:21:45,cab,yes,approved,med
CHG-10786,standard,2025-11-21 11:27:11,2025-11-22 00:40:11,sre,yes,approved,med
CHG-10787,standard,2025-10-21 04:55:42,2025-10-22 18:49:42,manager,yes,approved,low
CHG-10788,standard,2025-10-18 02:51:51,2025-10-19 00:49:51,sre,yes,approved,low
CHG-10789,standard,2025-11-29 21:17:35,2025-12-02 11:19:35,sre,yes,approved,med
CHG-10790,standard,2025-10-12 06:27:04,2025-10-12 16:17:04,sre,yes,approved,med
CHG-10791,standard,2025-12-27 05:21:36,2025-12-29 01:59:36,manager,yes,approved,low
CHG-10792,standard,2025-11-06 11:03:13,2025-11-07 17:20:13,manager,yes,approved,low
CHG-10793,emergency,2025-11-14 04:12:20,2025-11-15 04:40:20,sre,yes,approved,low
CHG-10794,standard,2025-11-02 14:41:00,2025-11-03 08:13:00,cab,yes,approved,low
CHG-10795,standard,2025-10-17 14:55:40,2025-10-19 13:59:40,manager,yes,approved,low
CHG-10796,standard,2025-10-17 11:58:42,2025-10-18 19:29:42,cab,yes,approved,med
CHG-10797,standard,2025-11-14 22:18:56,2025-11-16 12:34:56,manager,yes,approved,low
CHG-10798,standard,2025-12-30 01:11:03,2025-12-30 21:41:03,cab,yes,approved,med
CHG-10799,standard,2025-12-14 14:58:57,2025-12-17 11:58:57,cab,yes,approved,low
CHG-10800,standard,2025-11-18 02:05:52,2025-11-19 11:05:52,sre,yes,approved,med
CHG-10801,standard,2025-10-29 17:14:29,2025-10-31 02:02:29,cab,yes,approved,low
CHG-10802,standard,2025-11-25 09:05:00,2025-11-25 12:34:00,manager,no,approved,low
CHG-10803,standard,2025-11-05 23:08:32,2025-11-08 14:41:32,sre,yes,approved,low
CHG-10804,standard,2025-10-04 04:13:46,2025-10-05 20:52:46,sre,yes,approved,low
CHG-10805,standard,2025-10-08 20:38:53,2025-10-10 18:38:53,sre,yes,approved,low
CHG-10806,standard,2025-11-15 04:21:02,2025-11-15 10:05:02,sre,yes,approved,low
CHG-10807,standard,2025-10-14 10:30:32,2025-10-16 08:23:32,cab,yes,approved,low
CHG-10808,standard,2025-12-08 05:44:39,2025-12-09 10:32:39,cab,yes,approved,med
CHG-10809,standard,2025-10-27 21:47:43,2025-10-28 05:23:43,cab,yes,approved,low
CHG-10810,standard,2025-11-21 15:25:38,2025-11-23 07:29:38,sre,yes,approved,low
CHG-10811,emergency,2025-10-07 08:55:24,2025-10-08 10:47:24,manager,yes,approved,low
CHG-10812,emergency,2025-10-08 11:18:00,2025-10-09 02:23:00,manager,yes,approved,low
CHG-10813,standard,2025-11-30 21:39:34,2025-12-01 00:54:34,sre,yes,approved,high
CHG-10814,standard,2025-12-11 14:59:13,2025-12-11 18:04:13,manager,yes,approved,low
CHG-10815,standard,2025-11-26 04:28:46,2025-11-28 03:26:46,cab,yes,approved,med
CHG-10816,standard,2025-11-13 05:31:20,2025-11-15 20:12:20,cab,yes,approved,low
CHG-10817,standard,2025-10-28 23:25:46,2025-10-29 06:02:46,manager,yes,approved,low
CHG-10818,standard,2025-10-18 16:44:39,2025-10-19 16:50:39,sre,yes,approved,med
CHG-10819,standard,2025-10-31 17:47:30,2025-11-01 11:13:30,manager,yes,approved,low
CHG-10820,standard,2025-11-03 09:13:17,2025-11-04 05:34:17,manager,yes,approved,low
CHG-10821,standard,2025-12-30 09:32:52,2026-01-02 05:53:52,cab,yes,approved,high
CHG-10822,standard,2025-11-19 06:20:55,2025-11-21 03:43:55,cab,yes,approved,low
CHG-10823,emergency,2025-12-04 17:57:39,2025-12-05 14:11:39,cab,yes,approved,med
CHG-10824,standard,2025-10-04 21:23:43,2025-10-05 16:35:43,manager,yes,approved,low
CHG-10825,standard,2025-10-09 23:29:47,2025-10-11 20:12:47,sre,yes,approved,med
CHG-10826,standard,2025-10-20 00:03:02,2025-10-20 03:17:02,sre,yes,approved,med
CHG-10827,standard,2025-10-19 21:06:05,2025-10-22 16:13:05,manager,yes,approved,med
CHG-10828,standard,2025-12-22 21:30:27,2025-12-25 08:03:27,cab,yes,approved,low
CHG-10829,standard,2025-11-24 11:18:06,2025-11-24 23:25:06,sre,yes,approved,med
CHG-10830,standard,2025-12-18 05:21:13,2025-12-20 15:23:13,sre,yes,approved,low
CHG-10831,standard,2025-12-24 05:28:54,2025-12-27 05:21:54,sre,no,approved,low
CHG-10832,standard,2025-12-28 18:43:51,2025-12-30 08:12:51,sre,yes,approved,low
CHG-10833,standard,2025-12-20 19:21:41,2025-12-22 23:38:41,cab,yes,approved,low
CHG-10834,standard,2025-11-14 23:55:15,2025-11-16 06:44:15,cab,yes,approved,low
CHG-10835,standard,2025-10-13 01:21:11,,sre,yes,approved,low
CHG-10836,standard,2025-11-17 20:53:25,2025-11-18 06:09:25,cab,yes,approved,low
CHG-10837,standard,2025-11-16 05:15:18,2025-11-16 21:44:18,manager,yes,approved,med
CHG-10838,standard,2025-11-01 00:54:39,2025-11-03 16:00:39,manager,yes,approved,low
CHG-10839,standard,2025-11-04 13:30:12,2025-11-04 20:19:12,manager,yes,approved,low
CHG-10840,standard,2025-10-10 04:13:16,2025-10-11 03:12:16,sre,yes,approved,med
CHG-10841,standard,2025-11-05 04:44:20,2025-11-05 17:59:20,manager,yes,rejected,low
CHG-10842,standard,2025-11-17 01:53:47,2025-11-19 10:18:47,manager,yes,approved,high
CHG-10843,standard,2025-12-17 04:43:58,2025-12-20 04:39:58,sre,yes,approved,med
CHG-10844,standard,2025-10-08 10:01:32,2025-10-09 02:05:32,cab,yes,approved,high
CHG-10845,standard,2025-11-12 21:47:23,2025-11-15 21:22:23,sre,yes,approved,low
CHG-10846,standard,2025-10-13 11:55:35,2025-10-14 07:31:35,manager,yes,approved,low
CHG-10847,standard,2025-12-16 02:55:18,2025-12-16 18:20:18,cab,yes,approved,med
CHG-10848,standard,2025-11-19 20:29:35,2025-11-20 04:44:35,manager,yes,approved,high
CHG-10849,standard,2025-12-15 23:03:22,2025-12-16 16:07:22,manager,no,approved,low
CHG-10850,standard,2025-12-22 03:00:00,2025-12-23 17:02:00,manager,no,approved,low
CHG-10851,standard,2025-11-19 00:31:25,2025-11-19 10:00:25,manager,yes,approved,low
CHG-10852,emergency,2025-10-17 16:15:40,2025-10-17 17:00:40,manager,no,approved,low
CHG-10853,standard,2025-12-07 18:46:03,2025-12-08 20:12:03,manager,yes,approved,high
CHG-10854,standard,2025-11-19 22:17:30,2025-11-21 05:31:30,cab,yes,approved,med
CHG-10855,standard,2025-12-14 00:13:35,2025-12-16 01:42:35,manager,yes,approved,low
CHG-10856,standard,2025-11-14 08:45:38,2025-11-16 03:30:38,manager,yes,approved,med
CHG-10857,standard,2025-10-19 07:54:03,,sre,yes,approved,med
CHG-10858,standard,2025-12-05 06:05:45,2025-12-05 20:36:45,sre,yes,approved,low
CHG-10859,standard,2025-11-27 08:05:53,2025-11-27 22:08:53,manager,yes,approved,med
CHG-10860,standard,2025-11-27 18:21:33,2025-11-30 01:42:33,sre,yes,approved,med
CHG-10861,standard,2025-11-27 15:18:16,2025-11-29 04:44:16,cab,yes,approved,med
CHG-10862,emergency,2025-11-17 01:02:36,2025-11-19 23:01:36,manager,yes,approved,med
CHG-10863,standard,2025-10-14 01:39:36,,manager,yes,approved,low
CHG-10864,standard,2025-11-28 16:46:57,2025-11-30 13:34:57,manager,yes,approved,med
CHG-10865,standard,2025-11-17 18:52:48,2025-11-20 10:39:48,cab,yes,approved,med
CHG-10866,standard,2025-11-22 11:31:25,2025-11-22 14:05:25,cab,no,approved,low
CHG-10867,standard,2025-12-22 19:20:28,2025-12-24 22:52:28,manager,yes,approved,low
CHG-10868,standard,2025-12-08 13:14:13,2025-12-09 11:48:13,sre,yes,approved,low
CHG-10869,standard,2025-11-17 15:04:22,2025-11-20 07:22:22,sre,yes,approved,med
CHG-10870,standard,2025-11-06 16:19:56,2025-11-08 16:38:56,manager,yes,rejected,low
CHG-10871,standard,2025-11-03 20:56:30,2025-11-04 00:46:30,cab,yes,approved,med
CHG-10872,standard,2025-11-04 02:31:00,2025-11-04 10:23:00,sre,yes,approved,low
CHG-10873,standard,2025-12-24 08:46:36,2025-12-26 02:33:36,sre,yes,approved,low
CHG-10874,standard,2025-11-25 03:39:03,,sre,yes,approved,low
CHG-10875,standard,2025-11-25 09:01:12,2025-11-27 14:28:12,cab,yes,approved,low
CHG-10876,standard,2025-11-18 19:32:08,2025-11-20 18:03:08,cab,yes,approved,low
CHG-10877,emergency,2025-10-08 07:30:39,2025-10-09 12:53:39,sre,yes,approved,low
CHG-10878,standard,2025-10-09 22:16:38,2025-10-10 11:22:38,sre,yes,approved,low
CHG-10879,standard,2025-12-17 06:00:10,2025-12-17 16:38:10,cab,yes,approved,low
CHG-10880,standard,2025-11-09 01:25:45,,sre,yes,approved,low
CHG-10881,standard,2025-12-23 18:15:34,2025-12-24 19:53:34,sre,yes,approved,low
CHG-10882,standard,2025-12-18 12:57:05,2025-12-21 00:20:05,manager,no,approved,med
CHG-10883,standard,2025-10-15 14:37:36,2025-10-17 07:46:36,manager,yes,approved,low
CHG-10884,standard,2025-10-28 20:51:44,2025-10-29 18:56:44,cab,yes,approved,med
CHG-10885,standard,2025-12-17 09:14:56,2025-12-19 03:47:56,cab,yes,approved,low
CHG-10886,standard,2025-10-27 11:27:53,2025-10-28 06:14:53,cab,yes,approved,med
CHG-10887,standard,2025-12-10 03:29:11,2025-12-12 21:59:11,manager,yes,approved,low
CHG-10888,standard,2025-11-09 12:23:40,2025-11-11 14:10:40,cab,yes,approved,med
CHG-10889,standard,2025-10-11 20:49:16,2025-10-14 17:17:16,sre,no,approved,low
CHG-10890,standard,2025-12-25 21:11:07,2025-12-26 09:40:07,cab,yes,approved,low
CHG-10891,standard,2025-12-12 15:50:18,2025-12-14 00:12:18,manager,no,approved,low
CHG-10892,standard,2025-10-25 16:34:32,2025-10-26 00:22:32,manager,yes,approved,low
CHG-10893,standard,2025-10-27 23:09:59,2025-10-28 19:06:59,cab,yes,rejected,med
CHG-10894,standard,2025-12-21 16:46:26,2025-12-22 00:23:26,manager,yes,approved,med
CHG-10895,standard,2025-12-08 00:33:19,2025-12-10 02:15:19,sre,yes,approved,med
CHG-10896,standard,2025-12-28 07:57:44,2025-12-30 13:46:44,cab,no,approved,high
CHG-10897,standard,2025-10-21 10:14:09,2025-10-22 08:16:09,sre,yes,approved,med
CHG-10898,standard,2025-12-19 22:11:23,2025-12-22 17:28:23,cab,yes,approved,low
CHG-10899,standard,2025-12-20 00:59:35,2025-12-20 23:02:35,cab,yes,approved,low
CHG-10900,standard,2025-11-01 17:25:31,2025-11-04 07:28:31,sre,yes,approved,med
CHG-10901,standard,2025-10-14 05:07:04,2025-10-14 05:42:04,cab,yes,approved,med
CHG-10902,standard,2025-12-09 06:43:28,2025-12-10 00:38:28,cab,yes,approved,med
CHG-10903,standard,2025-10-17 20:14:07,2025-10-19 17:07:07,cab,yes,approved,low
CHG-10904,standard,2025-12-21 00:56:35,2025-12-22 07:44:35,sre,yes,approved,low
CHG-10905,emergency,2025-11-14 21:31:41,2025-11-16 00:45:41,manager,yes,approved,med
CHG-10906,standard,2025-10-09 15:31:40,2025-10-11 17:55:40,manager,yes,approved,low
CHG-10907,emergency,2025-11-14 01:12:57,2025-11-16 20:50:57,manager,yes,approved,med
CHG-10908,standard,2025-12-12 11:20:17,2025-12-15 06:58:17,manager,yes,approved,low
CHG-10909,standard,2025-12-05 17:57:50,2025-12-06 19:58:50,manager,yes,rejected,low
CHG-10910,standard,2025-11-13 18:51:06,2025-11-15 04:55:06,cab,yes,approved,med
CHG-10911,standard,2025-12-07 06:51:42,2025-12-09 13:17:42,sre,yes,approved,med
CHG-10912,standard,2025-11-24 01:54:14,2025-11-24 10:05:14,cab,yes,approved,high
CHG-10913,emergency,2025-12-17 21:22:28,2025-12-18 03:44:28,cab,yes,approved,low
CHG-10914,standard,2025-12-26 15:02:13,2025-12-26 20:48:13,sre,yes,approved,low
CHG-10915,standard,2025-10-09 16:53:41,2025-10-11 12:22:41,cab,yes,approved,low
CHG-10916,standard,2025-12-24 15:09:38,2025-12-26 05:40:38,cab,yes,approved,high
CHG-10917,standard,2025-12-29 23:24:24,2025-12-31 11:34:24,manager,yes,approved,low
CHG-10918,standard,2025-10-15 16:28:20,2025-10-18 04:42:20,manager,yes,approved,low
CHG-10919,standard,2025-11-15 08:29:54,2025-11-17 20:14:54,cab,yes,approved,med
CHG-10920,standard,2025-11-17 02:35:48,2025-11-19 17:14:48,manager,yes,approved,med
CHG-10921,standard,2025-10-18 12:57:23,2025-10-19 12:05:23,sre,yes,approved,med
CHG-10922,standard,2025-10-01 09:36:49,2025-10-04 09:35:49,manager,yes,approved,low
CHG-10923,standard,2025-11-01 21:49:41,2025-11-02 01:31:41,manager,yes,approved,high
CHG-10924,emergency,2025-12-21 06:17:53,2025-12-23 02:37:53,sre,yes,approved,low
CHG-10925,emergency,2025-11-27 16:35:46,2025-11-27 17:32:46,sre,yes,approved,low
CHG-10926,standard,2025-12-11 07:05:18,2025-12-12 00:54:18,sre,yes,approved,low
CHG-10927,standard,2025-11-23 02:57:59,2025-11-25 07:11:59,manager,yes,approved,low
CHG-10928,standard,2025-12-22 18:06:35,2025-12-23 22:41:35,cab,yes,approved,med
CHG-10929,standard,2025-10-29 23:39:50,2025-11-01 18:50:50,cab,yes,approved,med
CHG-10930,standard,2025-10-10 07:57:21,2025-10-12 10:17:21,cab,yes,approved,low
CHG-10931,standard,2025-12-13 10:45:03,2025-12-15 20:36:03,cab,yes,approved,med
CHG-10932,standard,2025-11-15 00:05:28,2025-11-16 06:51:28,cab,yes,approved,med
CHG-10933,standard,2025-11-15 11:01:47,2025-11-17 22:53:47,cab,yes,approved,med
CHG-10934,emergency,2025-12-21 16:55:32,2025-12-23 03:01:32,manager,yes,approved,low
CHG-10935,standard,2025-11-19 13:54:15,2025-11-22 00:04:15,sre,yes,approved,low
CHG-10936,standard,2025-10-08 22:32:12,2025-10-11 19:26:12,cab,yes,approved,med
CHG-10937,standard,2025-10-09 02:04:51,2025-10-11 11:03:51,sre,yes,approved,low
CHG-10938,standard,2025-12-18 10:23:23,2025-12-19 22:44:23,manager,yes,approved,high
CHG-10939,emergency,2025-10-26 04:15:14,2025-10-26 18:56:14,cab,yes,approved,low
CHG-10940,standard,2025-12-07 04:01:31,2025-12-09 11:29:31,sre,yes,approved,high
CHG-10941,standard,2025-11-29 21:07:10,2025-12-01 22:32:10,sre,yes,approved,high
CHG-10942,standard,2025-10-02 08:19:59,2025-10-03 10:32:59,manager,yes,approved,low
CHG-10943,standard,2025-12-03 02:00:12,2025-12-04 11:10:12,sre,yes,approved,med
CHG-10944,standard,2025-11-16 00:28:28,2025-11-18 10:14:28,manager,yes,approved,low
CHG-10945,standard,2025-10-02 21:44:09,2025-10-05 11:16:09,sre,yes,approved,low
CHG-10946,standard,2025-10-10 23:13:24,2025-10-13 10:20:24,sre,no,approved,med
CHG-10947,emergency,2025-10-04 14:15:22,2025-10-07 08:58:22,sre,yes,approved,low
CHG-10948,standard,2025-11-17 08:53:34,2025-11-18 16:42:34,cab,yes,approved,low
CHG-10949,standard,2025-12-02 22:38:56,2025-12-05 07:45:56,sre,yes,approved,low
CHG-10950,standard,2025-10-03 00:29:01,2025-10-03 22:40:01,cab,yes,approved,low
CHG-10951,standard,2025-12-06 12:06:19,2025-12-08 10:34:19,sre,no,approved,med
CHG-10952,standard,2025-12-09 01:38:51,2025-12-11 07:05:51,sre,no,approved,med
CHG-10953,standard,2025-12-21 23:54:01,2025-12-22 22:11:01,sre,yes,approved,low
CHG-10954,standard,2025-10-16 04:14:17,2025-10-18 23:35:17,cab,yes,approved,low
CHG-10955,standard,2025-10-02 18:14:50,2025-10-04 19:23:50,manager,yes,approved,low
CHG-10956,standard,2025-12-18 08:00:59,2025-12-18 16:51:59,manager,yes,approved,low
CHG-10957,standard,2025-11-03 01:00:46,2025-11-05 01:40:46,sre,yes,approved,med
CHG-10958,standard,2025-11-20 00:56:23,2025-11-20 15:19:23,cab,yes,approved,high
CHG-10959,standard,2025-10-11 06:44:45,2025-10-11 20:48:45,manager,yes,approved,low
CHG-10960,standard,2025-11-05 02:40:43,2025-11-06 00:16:43,sre,yes,approved,med
CHG-10961,standard,2025-11-05 07:34:06,2025-11-07 05:25:06,manager,yes,approved,low
CHG-10962,standard,2025-10-24 19:37:40,2025-10-27 12:27:40,manager,yes,approved,low
CHG-10963,standard,2025-12-01 02:42:08,2025-12-02 12:22:08,cab,yes,approved,med
CHG-10964,standard,2025-12-29 03:08:30,2025-12-31 11:11:30,sre,yes,approved,high
CHG-10965,standard,2025-10-15 03:14:09,2025-10-15 04:45:09,manager,yes,approved,low
CHG-10966,emergency,2025-10-16 22:54:15,2025-10-19 10:19:15,sre,yes,approved,med
CHG-10967,standard,2025-12-01 07:45:08,2025-12-04 06:53:08,sre,no,approved,low
CHG-10968,standard,2025-10-31 10:57:46,2025-11-02 10:06:46,sre,yes,approved,low
CHG-10969,standard,2025-12-02 12:20:51,2025-12-03 16:30:51,sre,yes,approved,med
CHG-10970,standard,2025-12-15 21:10:26,2025-12-18 04:33:26,manager,yes,approved,med
CHG-10971,standard,2025-12-11 20:26:47,2025-12-12 13:48:47,manager,yes,approved,low
CHG-10972,standard,2025-12-13 12:02:44,2025-12-14 10:02:44,sre,yes,approved,med
CHG-10973,standard,2025-12-10 12:53:21,2025-12-12 22:46:21,manager,no,approved,low
CHG-10974,standard,2025-10-13 00:30:18,2025-10-13 07:11:18,cab,yes,approved,high
CHG-10975,standard,2025-10-23 22:08:47,2025-10-25 06:13:47,sre,yes,approved,low
CHG-10976,standard,2025-12-11 14:31:41,2025-12-13 00:29:41,manager,yes,approved,low
CHG-10977,standard,2025-12-09 02:14:32,2025-12-11 12:31:32,manager,yes,approved,low
CHG-10978,standard,2025-10-08 13:55:21,2025-10-10 16:30:21,sre,yes,approved,low
CHG-10979,standard,2025-11-18 10:21:06,2025-11-20 20:19:06,cab,no,approved,med
CHG-10980,standard,2025-11-19 02:33:59,2025-11-19 20:04:59,sre,yes,approved,low
CHG-10981,standard,2025-11-14 05:14:03,2025-11-16 22:01:03,sre,yes,approved,low
CHG-10982,standard,2025-11-09 16:09:11,2025-11-10 07:22:11,manager,yes,approved,low
CHG-10983,standard,2025-11-06 08:33:16,2025-11-08 02:07:16,manager,yes,approved,low
CHG-10984,standard,2025-12-26 19:45:37,2025-12-28 13:34:37,sre,yes,approved,low
CHG-10985,standard,2025-12-24 12:14:27,2025-12-24 18:30:27,sre,yes,approved,low
CHG-10986,standard,2025-12-21 00:25:57,2025-12-21 18:42:57,cab,yes,approved,low
CHG-10987,standard,2025-12-10 16:02:47,2025-12-12 12:36:47,sre,yes,approved,med
CHG-10988,standard,2025-11-22 12:36:30,2025-11-22 19:01:30,sre,no,approved,med
CHG-10989,standard,2025-10-03 09:47:51,2025-10-05 04:07:51,sre,yes,approved,low
CHG-10990,standard,2025-12-13 13:22:16,,cab,no,approved,low
CHG-10991,standard,2025-11-21 15:19:20,2025-11-22 16:01:20,manager,no,approved,low
CHG-10992,standard,2025-11-13 03:07:46,2025-11-13 14:50:46,cab,yes,approved,med
CHG-10993,emergency,2025-11-03 00:09:22,2025-11-05 11:59:22,sre,yes,approved,low
CHG-10994,standard,2025-10-10 15:27:50,2025-10-11 14:34:50,manager,yes,approved,low
CHG-10995,standard,2025-10-06 17:16:44,2025-10-08 13:50:44,cab,yes,approved,med
CHG-10996,standard,2025-11-01 11:28:55,2025-11-02 22:50:55,manager,yes,approved,med
CHG-10997,standard,2025-10-23 23:03:51,2025-10-26 18:31:51,manager,yes,approved,low
CHG-10998,standard,2025-10-07 08:31:43,2025-10-10 02:47:43,manager,yes,approved,med
CHG-10999,standard,2025-10-24 21:57:29,2025-10-25 15:15:29,manager,yes,approved,low
CHG-11000,standard,2025-10-14 19:44:21,2025-10-16 22:52:21,manager,yes,approved,low
CHG-11001,emergency,2025-11-13 20:38:06,2025-11-14 02:30:06,sre,yes,approved,low
CHG-11002,standard,2025-12-30 15:13:42,2026-01-02 09:13:42,sre,yes,approved,low
CHG-11003,standard,2025-11-26 19:31:10,2025-11-29 17:21:10,sre,yes,approved,low
CHG-11004,standard,2025-10-12 22:33:25,2025-10-13 17:47:25,cab,yes,approved,high
CHG-11005,standard,2025-12-25 19:42:35,2025-12-27 18:38:35,sre,yes,approved,high
CHG-11006,emergency,2025-11-03 04:03:18,2025-11-04 08:58:18,manager,yes,approved,low
CHG-11007,emergency,2025-11-29 02:34:33,2025-12-01 19:47:33,manager,yes,approved,low
CHG-11008,standard,2025-12-14 00:40:22,2025-12-16 06:27:22,sre,yes,approved,med
CHG-11009,standard,2025-12-19 05:32:58,2025-12-21 18:28:58,cab,yes,approved,low
CHG-11010,standard,2025-12-14 13:29:24,2025-12-14 14:48:24,manager,yes,approved,low
CHG-11011,standard,2025-10-28 07:05:26,2025-10-30 08:06:26,sre,yes,approved,med
CHG-11012,standard,2025-11-17 22:39:27,2025-11-20 00:22:27,sre,yes,approved,low
CHG-11013,standard,2025-12-19 17:21:22,2025-12-21 23:35:22,sre,yes,approved,low
CHG-11014,standard,2025-11-24 22:11:34,2025-11-25 22:18:34,manager,yes,approved,low
CHG-11015,standard,2025-12-25 12:53:09,2025-12-28 12:28:09,sre,yes,rejected,low
CHG-11016,standard,2025-11-29 15:47:15,2025-12-01 02:28:15,manager,yes,approved,med
CHG-11017,emergency,2025-10-06 00:50:56,2025-10-07 21:06:56,cab,yes,approved,high
CHG-11018,standard,2025-11-20 05:17:45,2025-11-20 11:23:45,cab,yes,approved,low
CHG-11019,standard,2025-11-08 01:05:50,2025-11-09 03:49:50,manager,yes,approved,med
CHG-11020,standard,2025-10-08 05:27:31,2025-10-09 15:44:31,manager,yes,approved,low
CHG-11021,standard,2025-12-18 10:54:50,2025-12-18 14:20:50,cab,yes,approved,med
CHG-11022,standard,2025-11-03 02:07:34,2025-11-03 09:42:34,manager,yes,approved,low
CHG-11023,standard,2025-12-14 04:28:43,2025-12-14 17:41:43,manager,yes,approved,low
CHG-11024,standard,2025-12-26 10:02:43,2025-12-26 19:04:43,cab,yes,approved,low
CHG-11025,standard,2025-10-10 21:16:31,2025-10-11 05:03:31,cab,yes,approved,low
CHG-11026,standard,2025-12-23 22:37:25,2025-12-24 00:13:25,cab,yes,approved,low
CHG-11027,standard,2025-12-05 14:40:20,,manager,yes,approved,low
CHG-11028,standard,2025-11-27 13:31:32,2025-11-28 16:07:32,sre,yes,approved,low
CHG-11029,standard,2025-11-13 04:02:59,2025-11-14 05:35:59,manager,yes,approved,med
CHG-11030,standard,2025-12-03 06:34:57,2025-12-05 07:34:57,manager,yes,approved,med
CHG-11031,standard,2025-11-05 19:26:10,2025-11-05 20:42:10,manager,yes,approved,med
CHG-11032,standard,2025-12-23 08:55:16,2025-12-23 16:32:16,manager,yes,approved,low
CHG-11033,standard,2025-10-19 09:13:49,2025-10-22 02:20:49,sre,yes,approved,high
CHG-11034,standard,2025-11-02 14:08:44,2025-11-04 07:12:44,cab,yes,approved,low
CHG-11035,standard,2025-12-29 07:38:50,2025-12-29 08:18:50,cab,yes,approved,med
CHG-11036,standard,2025-12-19 02:16:41,2025-12-20 23:41:41,cab,yes,approved,low
CHG-11037,standard,2025-10-08 03:48:21,2025-10-10 04:49:21,cab,yes,approved,low
CHG-11038,emergency,2025-11-04 22:38:57,2025-11-05 04:47:57,cab,no,approved,low
CHG-11039,standard,2025-11-02 23:49:55,,cab,yes,approved,low
CHG-11040,standard,2025-11-06 18:57:14,2025-11-07 10:16:14,cab,yes,approved,low
CHG-11041,standard,2025-11-21 03:49:41,2025-11-23 15:12:41,manager,yes,approved,low
CHG-11042,standard,2025-11-21 16:56:32,2025-11-23 20:44:32,cab,yes,approved,low
CHG-11043,standard,2025-11-29 19:26:57,2025-11-30 21:25:57,manager,yes,approved,low
CHG-11044,standard,2025-12-24 17:53:29,2025-12-25 11:18:29,cab,yes,approved,high
CHG-11045,standard,2025-12-04 10:04:19,2025-12-04 19:05:19,sre,yes,approved,low
CHG-11046,standard,2025-10-18 09:05:48,2025-10-20 05:11:48,cab,yes,approved,low
CHG-11047,standard,2025-11-08 22:16:19,2025-11-09 03:25:19,cab,yes,approved,med
CHG-11048,standard,2025-12-26 06:50:30,2025-12-28 10:29:30,cab,yes,approved,high
CHG-11049,standard,2025-10-29 15:30:42,2025-11-01 04:21:42,manager,yes,approved,low
CHG-11050,standard,2025-11-15 09:28:21,,cab,yes,approved,med
CHG-11051,standard,2025-10-26 18:57:02,2025-10-27 05:28:02,sre,yes,approved,low
CHG-11052,standard,2025-12-29 23:08:53,2025-12-31 06:23:53,manager,yes,approved,low
CHG-11053,standard,2025-10-25 06:35:50,2025-10-27 00:04:50,cab,yes,approved,med
CHG-11054,standard,2025-12-23 00:17:33,2025-12-24 12:06:33,cab,yes,approved,low
CHG-11055,standard,2025-11-26 07:23:24,2025-11-26 09:10:24,manager,yes,approved,low
CHG-11056,standard,2025-10-21 09:02:39,2025-10-24 01:58:39,sre,yes,approved,low
CHG-11057,standard,2025-12-16 21:17:43,2025-12-17 09:10:43,sre,yes,approved,low
CHG-11058,standard,2025-10-03 22:08:51,,cab,yes,approved,med
CHG-11059,standard,2025-12-21 00:03:26,2025-12-23 00:38:26,sre,yes,approved,low
CHG-11060,standard,2025-10-30 02:12:19,2025-10-31 22:53:19,manager,yes,approved,low
CHG-11061,emergency,2025-11-02 01:32:22,2025-11-04 07:04:22,cab,no,approved,low
CHG-11062,standard,2025-11-01 22:15:21,2025-11-04 12:03:21,manager,yes,approved,low
CHG-11063,standard,2025-12-06 21:32:36,2025-12-09 16:24:36,cab,yes,approved,low
CHG-11064,standard,2025-10-07 19:03:50,2025-10-10 09:17:50,manager,yes,approved,low
CHG-11065,standard,2025-10-11 18:03:07,2025-10-12 11:50:07,manager,yes,approved,low
CHG-11066,standard,2025-12-24 12:17:36,2025-12-25 16:31:36,sre,yes,approved,med
CHG-11067,emergency,2025-11-27 00:57:19,2025-11-28 04:49:19,cab,yes,approved,med
CHG-11068,standard,2025-12-20 01:25:00,2025-12-22 08:05:00,cab,yes,approved,low
CHG-11069,standard,2025-11-25 22:29:11,2025-11-26 03:59:11,cab,yes,approved,low
CHG-11070,standard,2025-11-07 23:18:23,2025-11-08 23:22:23,sre,yes,approved,low
CHG-11071,emergency,2025-10-18 19:27:22,2025-10-19 08:39:22,manager,yes,approved,high
CHG-11072,standard,2025-11-22 05:01:09,2025-11-23 21:02:09,sre,yes,approved,low
CHG-11073,standard,2025-12-13 23:15:51,2025-12-14 15:58:51,manager,no,approved,low
CHG-11074,standard,2025-10-17 00:06:10,2025-10-18 10:46:10,manager,yes,approved,low
CHG-11075,standard,2025-11-07 00:09:24,2025-11-08 23:14:24,cab,yes,approved,med
CHG-11076,standard,2025-10-14 06:01:22,2025-10-16 02:50:22,cab,yes,approved,low
CHG-11077,standard,2025-11-12 11:58:12,,manager,yes,approved,low
CHG-11078,standard,2025-10-29 13:24:24,,manager,yes,approved,low
CHG-11079,standard,2025-11-12 18:48:27,2025-11-14 19:51:27,sre,yes,approved,med
CHG-11080,standard,2025-12-01 15:10:07,2025-12-04 14:43:07,manager,yes,approved,med
CHG-11081,standard,2025-10-01 10:52:19,2025-10-01 17:40:19,manager,yes,approved,med
CHG-11082,standard,2025-11-10 22:35:31,2025-11-11 02:33:31,manager,no,approved,low
CHG-11083,emergency,2025-10-10 09:06:06,2025-10-11 08:11:06,sre,yes,approved,low
CHG-11084,standard,2025-10-19 09:40:39,2025-10-20 14:06:39,cab,no,approved,low
CHG-11085,standard,2025-10-17 20:34:03,2025-10-17 22:46:03,cab,yes,approved,low
CHG-11086,standard,2025-10-28 00:51:11,2025-10-30 03:23:11,cab,yes,approved,med
CHG-11087,emergency,2025-10-10 21:14:34,2025-10-11 20:48:34,cab,yes,approved,low
CHG-11088,standard,2025-12-14 21:30:25,2025-12-15 15:48:25,sre,yes,approved,med
CHG-11089,standard,2025-11-02 12:51:06,2025-11-02 15:25:06,cab,yes,approved,low
CHG-11090,standard,2025-12-08 09:54:17,2025-12-08 11:52:17,manager,yes,approved,med
CHG-11091,standard,2025-11-30 04:09:35,2025-11-30 15:09:35,cab,yes,approved,low
CHG-11092,standard,2025-10-24 02:43:45,2025-10-26 15:28:45,cab,yes,approved,low
CHG-11093,standard,2025-12-16 20:58:50,2025-12-19 05:46:50,manager,yes,approved,low
CHG-11094,standard,2025-10-20 23:35:21,2025-10-21 07:07:21,manager,yes,approved,med
CHG-11095,standard,2025-12-24 17:33:06,2025-12-26 21:48:06,sre,yes,rejected,low
CHG-11096,standard,2025-10-19 16:28:37,2025-10-19 23:44:37,manager,yes,approved,low
CHG-11097,standard,2025-12-17 05:01:38,2025-12-18 09:05:38,sre,yes,approved,low
CHG-11098,standard,2025-11-11 04:01:50,2025-11-12 04:16:50,sre,yes,approved,low
CHG-11099,standard,2025-12-15 20:32:06,2025-12-18 14:23:06,cab,yes,approved,high
CHG-11100,standard,2025-11-29 03:59:29,2025-12-01 15:19:29,cab,yes,rejected,med
CHG-11101,standard,2025-12-13 16:16:04,2025-12-15 09:25:04,sre,yes,approved,low
CHG-11102,standard,2025-10-28 11:57:49,2025-10-30 15:20:49,cab,yes,approved,low
CHG-11103,standard,2025-10-19 09:51:36,2025-10-19 10:35:36,sre,yes,approved,low
CHG-11104,standard,2025-11-08 07:36:01,2025-11-10 10:42:01,sre,yes,approved,low
CHG-11105,emergency,2025-10-13 02:03:13,2025-10-15 06:45:13,cab,no,approved,low
CHG-11106,standard,2025-11-03 20:14:49,2025-11-06 17:58:49,cab,yes,approved,med
CHG-11107,emergency,2025-12-11 10:13:18,2025-12-12 20:04:18,cab,yes,approved,low
CHG-11108,standard,2025-12-02 15:44:10,2025-12-03 12:05:10,sre,yes,approved,low
CHG-11109,standard,2025-12-04 07:58:50,2025-12-05 06:10:50,sre,yes,approved,med
CHG-11110,standard,2025-12-27 11:28:19,2025-12-27 22:36:19,cab,yes,approved,low
CHG-11111,standard,2025-11-18 14:35:29,2025-11-20 19:00:29,sre,yes,approved,med
CHG-11112,standard,2025-12-17 10:23:19,2025-12-19 09:34:19,manager,yes,approved,low
CHG-11113,standard,2025-10-17 08:23:50,2025-10-20 03:41:50,sre,yes,approved,low
CHG-11114,standard,2025-11-11 20:11:07,2025-11-12 19:38:07,manager,yes,approved,low
CHG-11115,emergency,2025-11-13 18:06:56,2025-11-14 23:17:56,manager,yes,approved,low
CHG-11116,emergency,2025-12-24 15:00:41,2025-12-26 22:58:41,manager,yes,approved,high
CHG-11117,standard,2025-11-06 16:10:16,2025-11-07 09:21:16,sre,yes,approved,low
CHG-11118,standard,2025-10-01 22:09:06,2025-10-02 06:39:06,sre,yes,approved,high
CHG-11119,standard,2025-11-20 17:07:39,2025-11-20 18:16:39,cab,yes,approved,low
CHG-11120,standard,2025-11-11 16:41:58,2025-11-13 14:48:58,cab,yes,approved,med
CHG-11121,standard,2025-11-06 17:49:08,2025-11-07 01:47:08,manager,no,rejected,med
CHG-11122,standard,2025-12-21 02:40:20,2025-12-21 21:47:20,sre,yes,approved,low
CHG-11123,standard,2025-11-05 18:30:13,2025-11-08 08:22:13,cab,yes,approved,med
CHG-11124,standard,2025-12-01 22:49:06,2025-12-03 18:58:06,manager,yes,approved,low
CHG-11125,standard,2025-10-23 16:13:51,2025-10-26 10:32:51,manager,yes,approved,med
CHG-11126,emergency,2025-11-16 05:26:40,2025-11-16 19:18:40,manager,yes,approved,low
CHG-11127,standard,2025-12-16 04:51:39,2025-12-19 01:54:39,manager,yes,approved,low
CHG-11128,standard,2025-12-24 22:23:54,2025-12-27 14:17:54,manager,yes,approved,low
CHG-11129,standard,2025-10-17 13:08:15,2025-10-18 01:30:15,manager,yes,approved,high
CHG-11130,emergency,2025-12-14 09:37:44,2025-12-16 00:03:44,cab,yes,approved,low
CHG-11131,standard,2025-12-29 14:07:52,2026-01-01 09:27:52,manager,yes,approved,med
CHG-11132,standard,2025-12-02 12:35:50,2025-12-04 11:36:50,sre,yes,approved,med
CHG-11133,standard,2025-12-23 02:57:11,2025-12-25 14:46:11,manager,yes,approved,low
CHG-11134,standard,2025-11-27 11:55:37,2025-11-28 13:46:37,cab,yes,approved,low
CHG-11135,standard,2025-12-11 13:08:35,2025-12-11 13:31:35,manager,yes,approved,low
CHG-11136,standard,2025-11-05 10:34:01,,manager,yes,approved,med
CHG-11137,standard,2025-10-31 16:09:41,2025-11-01 12:04:41,manager,yes,approved,low
CHG-11138,standard,2025-10-15 03:54:12,2025-10-15 08:45:12,sre,yes,approved,low
CHG-11139,standard,2025-11-16 10:28:46,2025-11-17 16:05:46,cab,yes,approved,med
CHG-11140,standard,2025-12-09 14:11:11,2025-12-10 19:06:11,manager,yes,approved,high
CHG-11141,standard,2025-10-18 09:08:50,2025-10-21 03:51:50,sre,yes,approved,low
CHG-11142,standard,2025-11-08 02:05:29,2025-11-10 00:19:29,cab,yes,approved,low
CHG-11143,standard,2025-10-28 11:31:50,2025-10-30 02:14:50,sre,yes,approved,low
CHG-11144,standard,2025-11-26 08:23:31,2025-11-26 15:56:31,cab,yes,approved,med
CHG-11145,standard,2025-11-16 20:10:14,2025-11-18 12:04:14,sre,yes,approved,low
CHG-11146,standard,2025-12-23 02:57:13,2025-12-23 17:02:13,manager,yes,approved,high
CHG-11147,standard,2025-10-17 07:59:16,2025-10-17 15:50:16,manager,yes,approved,high
CHG-11148,standard,2025-11-02 20:43:44,2025-11-05 08:06:44,cab,no,approved,med
CHG-11149,standard,2025-10-30 09:19:04,2025-10-31 09:02:04,sre,yes,approved,low
CHG-11150,standard,2025-11-15 00:26:17,2025-11-17 04:46:17,cab,yes,rejected,med
CHG-11151,standard,2025-12-02 06:35:31,2025-12-05 04:20:31,sre,yes,approved,low
CHG-11152,standard,2025-11-27 13:30:29,2025-11-28 14:23:29,sre,yes,approved,high
CHG-11153,standard,2025-10-07 03:57:42,2025-10-08 05:21:42,cab,yes,approved,med
CHG-11154,standard,2025-11-17 10:26:05,2025-11-17 19:19:05,sre,yes,approved,low
CHG-11155,standard,2025-10-21 03:25:32,2025-10-21 19:36:32,manager,yes,rejected,low
CHG-11156,standard,2025-10-04 19:12:36,2025-10-05 12:57:36,manager,yes,approved,med
CHG-11157,standard,2025-10-13 02:36:43,2025-10-15 23:52:43,manager,yes,approved,high
CHG-11158,standard,2025-10-30 04:26:55,2025-10-30 10:54:55,cab,no,approved,low
CHG-11159,standard,2025-12-07 11:42:13,2025-12-09 06:35:13,cab,yes,approved,high
CHG-11160,standard,2025-12-04 08:00:34,2025-12-04 14:16:34,cab,yes,approved,low
CHG-11161,standard,2025-11-23 14:25:04,2025-11-24 20:04:04,sre,yes,approved,low
CHG-11162,standard,2025-11-07 01:37:02,2025-11-08 00:04:02,cab,yes,approved,low
CHG-11163,standard,2025-10-20 18:48:07,2025-10-21 04:36:07,sre,yes,approved,low
CHG-11164,standard,2025-12-03 19:39:43,2025-12-06 17:38:43,manager,yes,approved,low
CHG-11165,standard,2025-11-28 14:30:24,2025-11-30 00:27:24,manager,yes,approved,low
CHG-11166,standard,2025-10-09 15:19:29,2025-10-11 17:01:29,manager,yes,approved,med
CHG-11167,standard,2025-11-06 14:50:13,2025-11-07 21:20:13,manager,yes,approved,low
CHG-11168,standard,2025-12-19 17:52:06,2025-12-22 12:52:06,sre,yes,approved,low
CHG-11169,standard,2025-12-27 01:09:36,2025-12-27 07:51:36,cab,yes,approved,high
CHG-11170,standard,2025-12-16 13:54:52,2025-12-18 21:02:52,manager,yes,approved,low
CHG-11171,standard,2025-10-14 20:26:43,2025-10-17 00:19:43,sre,yes,approved,low
CHG-11172,standard,2025-12-05 20:21:21,2025-12-08 05:37:21,cab,yes,approved,low
CHG-11173,standard,2025-11-11 12:45:53,2025-11-14 11:59:53,manager,no,approved,med
CHG-11174,emergency,2025-11-09 11:14:53,2025-11-11 06:05:53,manager,yes,approved,med
CHG-11175,standard,2025-10-06 13:46:42,,cab,yes,approved,low
CHG-11176,emergency,2025-12-05 17:36:04,2025-12-08 15:13:04,cab,no,approved,low
CHG-11177,standard,2025-12-07 18:10:58,2025-12-08 11:21:58,sre,yes,rejected,med
CHG-11178,standard,2025-11-03 12:02:58,2025-11-04 21:32:58,sre,no,approved,med
CHG-11179,standard,2025-10-17 08:42:31,2025-10-20 08:20:31,cab,yes,approved,low
CHG-11180,emergency,2025-11-11 01:00:51,2025-11-13 20:49:51,manager,yes,approved,low
CHG-11181,standard,2025-12-22 14:27:15,2025-12-23 06:42:15,cab,yes,approved,low
CHG-11182,standard,2025-10-22 02:43:33,2025-10-23 20:30:33,sre,no,approved,high
CHG-11183,standard,2025-11-29 23:27:31,2025-12-02 18:16:31,cab,yes,approved,low
CHG-11184,standard,2025-12-26 10:18:27,2025-12-27 11:53:27,cab,yes,approved,low
CHG-11185,standard,2025-10-15 22:10:18,2025-10-18 06:24:18,manager,yes,approved,low
CHG-11186,standard,2025-11-06 08:12:15,2025-11-08 01:13:15,sre,yes,approved,med
CHG-11187,standard,2025-12-21 11:50:40,2025-12-23 23:59:40,cab,yes,rejected,low
CHG-11188,standard,2025-10-11 17:52:10,2025-10-12 19:54:10,cab,yes,approved,low
CHG-11189,standard,2025-10-20 07:41:05,2025-10-23 01:17:05,manager,no,approved,high
CHG-11190,standard,2025-12-09 08:29:18,2025-12-10 02:02:18,cab,yes,approved,med
CHG-11191,standard,2025-11-07 18:04:57,2025-11-08 12:10:57,manager,yes,approved,low
CHG-11192,standard,2025-12-06 10:51:19,2025-12-07 19:18:19,cab,yes,approved,med
CHG-11193,standard,2025-10-29 02:30:22,2025-10-30 17:11:22,manager,yes,approved,med
CHG-11194,standard,2025-10-28 07:06:03,2025-10-28 22:58:03,manager,yes,approved,high
CHG-11195,standard,2025-12-15 23:51:45,2025-12-16 14:05:45,manager,yes,approved,low
CHG-11196,standard,2025-10-15 10:33:24,2025-10-16 18:02:24,cab,yes,approved,low
CHG-11197,standard,2025-11-29 20:28:23,2025-11-30 23:53:23,cab,yes,approved,low
CHG-11198,emergency,2025-10-22 12:46:25,2025-10-24 10:49:25,cab,yes,approved,low
CHG-11199,standard,2025-10-28 05:44:33,,manager,yes,approved,low
